hop_id,complaint_id,hop_level,from_account,to_account,amount_transferred_inr,time_delay_minutes,timestamp
HOP0001,CMP100001,1,ACC0001V,ACC0001M1,78057.36,5,2026-08-21 10:39:07
HOP0002,CMP100001,2,ACC0001M1,ACC0001M2,73949.08,12,2026-08-21 10:56:07
HOP0003,CMP100001,3,ACC0001M2,ACC0001M3,69840.79,8,2026-08-21 11:04:07
HOP0004,CMP100002,1,ACC0002V,ACC0002M1,41366.25,5,2026-04-29 22:03:07
HOP0005,CMP100002,2,ACC0002M1,ACC0002M2,39189.08,12,2026-04-29 22:20:07
HOP0006,CMP100002,3,ACC0002M2,ACC0002M3,37011.91,8,2026-04-29 22:28:07
HOP0007,CMP100003,1,ACC0003V,ACC0003M1,90778.11,5,2026-08-06 18:25:07
HOP0008,CMP100003,2,ACC0003M1,ACC0003M2,86000.32,12,2026-08-06 18:42:07
HOP0009,CMP100003,3,ACC0003M2,ACC0003M3,81222.52,8,2026-08-06 18:50:07
HOP0010,CMP100004,1,ACC0004V,ACC0004M1,217839.72,5,2026-08-03 04:41:07
HOP0011,CMP100004,2,ACC0004M1,ACC0004M2,206374.47,12,2026-08-03 04:58:07
HOP0012,CMP100004,3,ACC0004M2,ACC0004M3,194909.22,8,2026-08-03 05:06:07
HOP0013,CMP100005,1,ACC0005V,ACC0005M1,37583.92,5,2026-09-08 02:47:07
HOP0014,CMP100005,2,ACC0005M1,ACC0005M2,35605.82,12,2026-09-08 03:04:07
HOP0015,CMP100005,3,ACC0005M2,ACC0005M3,33627.72,8,2026-09-08 03:12:07
HOP0016,CMP100006,1,ACC0006V,ACC0006M1,37584.54,5,2026-05-29 05:56:07
HOP0017,CMP100006,2,ACC0006M1,ACC0006M2,35606.4,12,2026-05-29 06:13:07
HOP0018,CMP100006,3,ACC0006M2,ACC0006M3,33628.27,8,2026-05-29 06:21:07
HOP0019,CMP100007,1,ACC0007V,ACC0007M1,230428.94,5,2026-05-18 19:09:07
HOP0020,CMP100007,2,ACC0007M1,ACC0007M2,218301.1,12,2026-05-18 19:26:07
HOP0021,CMP100007,3,ACC0007M2,ACC0007M3,206173.26,8,2026-05-18 19:34:07
HOP0022,CMP100008,1,ACC0008V,ACC0008M1,102326.07,5,2026-06-16 16:00:07
HOP0023,CMP100008,2,ACC0008M1,ACC0008M2,96940.49,12,2026-06-16 16:17:07
HOP0024,CMP100008,3,ACC0008M2,ACC0008M3,91554.9,8,2026-06-16 16:25:07
HOP0025,CMP100009,1,ACC0009V,ACC0009M1,29703.21,5,2026-05-29 14:23:07
HOP0026,CMP100009,2,ACC0009M1,ACC0009M2,28139.89,12,2026-05-29 14:40:07
HOP0027,CMP100009,3,ACC0009M2,ACC0009M3,26576.56,8,2026-05-29 14:48:07
HOP0028,CMP100010,1,ACC0010V,ACC0010M1,81719.27,5,2026-08-01 18:02:07
HOP0029,CMP100010,2,ACC0010M1,ACC0010M2,77418.25,12,2026-08-01 18:19:07
HOP0030,CMP100010,3,ACC0010M2,ACC0010M3,73117.24,8,2026-08-01 18:27:07
HOP0031,CMP100011,1,ACC0011V,ACC0011M1,29883.67,5,2026-04-08 18:02:07
HOP0032,CMP100011,2,ACC0011M1,ACC0011M2,28310.84,12,2026-04-08 18:19:07
HOP0033,CMP100011,3,ACC0011M2,ACC0011M3,26738.02,8,2026-04-08 18:27:07
HOP0034,CMP100012,1,ACC0012V,ACC0012M1,29814.65,5,2026-07-08 19:33:07
HOP0035,CMP100012,2,ACC0012M1,ACC0012M2,28245.46,12,2026-07-08 19:50:07
HOP0036,CMP100012,3,ACC0012M2,ACC0012M3,26676.26,8,2026-07-08 19:58:07
HOP0037,CMP100013,1,ACC0013V,ACC0013M1,60502.94,5,2026-08-03 23:19:07
HOP0038,CMP100013,2,ACC0013M1,ACC0013M2,57318.58,12,2026-08-03 23:36:07
HOP0039,CMP100013,3,ACC0013M2,ACC0013M3,54134.21,8,2026-08-03 23:44:07
HOP0040,CMP100014,1,ACC0014V,ACC0014M1,7010.78,5,2026-08-16 20:19:07
HOP0041,CMP100014,2,ACC0014M1,ACC0014M2,6641.79,12,2026-08-16 20:36:07
HOP0042,CMP100014,3,ACC0014M2,ACC0014M3,6272.8,8,2026-08-16 20:44:07
HOP0043,CMP100015,1,ACC0015V,ACC0015M1,8463.91,5,2026-06-21 00:04:07
HOP0044,CMP100015,2,ACC0015M1,ACC0015M2,8018.44,12,2026-06-21 00:21:07
HOP0045,CMP100015,3,ACC0015M2,ACC0015M3,7572.97,8,2026-06-21 00:29:07
HOP0046,CMP100016,1,ACC0016V,ACC0016M1,27070.43,5,2026-09-01 08:24:07
HOP0047,CMP100016,2,ACC0016M1,ACC0016M2,25645.67,12,2026-09-01 08:41:07
HOP0048,CMP100016,3,ACC0016M2,ACC0016M3,24220.91,8,2026-09-01 08:49:07
HOP0049,CMP100017,1,ACC0017V,ACC0017M1,17251.49,5,2026-03-31 19:52:07
HOP0050,CMP100017,2,ACC0017M1,ACC0017M2,16343.51,12,2026-03-31 20:09:07
HOP0051,CMP100017,3,ACC0017M2,ACC0017M3,15435.54,8,2026-03-31 20:17:07
HOP0052,CMP100018,1,ACC0018V,ACC0018M1,65038.35,5,2026-04-10 03:01:07
HOP0053,CMP100018,2,ACC0018M1,ACC0018M2,61615.28,12,2026-04-10 03:18:07
HOP0054,CMP100018,3,ACC0018M2,ACC0018M3,58192.21,8,2026-04-10 03:26:07
HOP0055,CMP100019,1,ACC0019V,ACC0019M1,19157.72,5,2026-05-14 08:59:07
HOP0056,CMP100019,2,ACC0019M1,ACC0019M2,18149.42,12,2026-05-14 09:16:07
HOP0057,CMP100019,3,ACC0019M2,ACC0019M3,17141.12,8,2026-05-14 09:24:07
HOP0058,CMP100020,1,ACC0020V,ACC0020M1,11570.12,5,2026-09-23 13:04:07
HOP0059,CMP100020,2,ACC0020M1,ACC0020M2,10961.16,12,2026-09-23 13:21:07
HOP0060,CMP100020,3,ACC0020M2,ACC0020M3,10352.21,8,2026-09-23 13:29:07
HOP0061,CMP100021,1,ACC0021V,ACC0021M1,205691.71,5,2026-08-10 19:05:07
HOP0062,CMP100021,2,ACC0021M1,ACC0021M2,194865.83,12,2026-08-10 19:22:07
HOP0063,CMP100021,3,ACC0021M2,ACC0021M3,184039.95,8,2026-08-10 19:30:07
HOP0064,CMP100022,1,ACC0022V,ACC0022M1,37900.09,5,2026-06-11 18:16:07
HOP0065,CMP100022,2,ACC0022M1,ACC0022M2,35905.35,12,2026-06-11 18:33:07
HOP0066,CMP100022,3,ACC0022M2,ACC0022M3,33910.61,8,2026-06-11 18:41:07
HOP0067,CMP100023,1,ACC0023V,ACC0023M1,50818.37,5,2026-07-06 20:20:07
HOP0068,CMP100023,2,ACC0023M1,ACC0023M2,48143.72,12,2026-07-06 20:37:07
HOP0069,CMP100023,3,ACC0023M2,ACC0023M3,45469.07,8,2026-07-06 20:45:07
HOP0070,CMP100024,1,ACC0024V,ACC0024M1,11427.03,5,2026-05-18 01:48:07
HOP0071,CMP100024,2,ACC0024M1,ACC0024M2,10825.61,12,2026-05-18 02:05:07
HOP0072,CMP100024,3,ACC0024M2,ACC0024M3,10224.18,8,2026-05-18 02:13:07
HOP0073,CMP100025,1,ACC0025V,ACC0025M1,27559.49,5,2026-04-09 11:57:07
HOP0074,CMP100025,2,ACC0025M1,ACC0025M2,26108.99,12,2026-04-09 12:14:07
HOP0075,CMP100025,3,ACC0025M2,ACC0025M3,24658.49,8,2026-04-09 12:22:07
HOP0076,CMP100026,1,ACC0026V,ACC0026M1,53072.15,5,2026-07-28 04:43:07
HOP0077,CMP100026,2,ACC0026M1,ACC0026M2,50278.88,12,2026-07-28 05:00:07
HOP0078,CMP100026,3,ACC0026M2,ACC0026M3,47485.61,8,2026-07-28 05:08:07
HOP0079,CMP100027,1,ACC0027V,ACC0027M1,15025.31,5,2026-05-10 22:27:07
HOP0080,CMP100027,2,ACC0027M1,ACC0027M2,14234.51,12,2026-05-10 22:44:07
HOP0081,CMP100027,3,ACC0027M2,ACC0027M3,13443.7,8,2026-05-10 22:52:07
HOP0082,CMP100028,1,ACC0028V,ACC0028M1,69160.35,5,2026-08-20 03:37:07
HOP0083,CMP100028,2,ACC0028M1,ACC0028M2,65520.33,12,2026-08-20 03:54:07
HOP0084,CMP100028,3,ACC0028M2,ACC0028M3,61880.31,8,2026-08-20 04:02:07
HOP0085,CMP100029,1,ACC0029V,ACC0029M1,26051.91,5,2026-06-04 15:22:07
HOP0086,CMP100029,2,ACC0029M1,ACC0029M2,24680.75,12,2026-06-04 15:39:07
HOP0087,CMP100029,3,ACC0029M2,ACC0029M3,23309.6,8,2026-06-04 15:47:07
HOP0088,CMP100030,1,ACC0030V,ACC0030M1,35482.37,5,2026-06-11 03:14:07
HOP0089,CMP100030,2,ACC0030M1,ACC0030M2,33614.87,12,2026-06-11 03:31:07
HOP0090,CMP100030,3,ACC0030M2,ACC0030M3,31747.38,8,2026-06-11 03:39:07
HOP0091,CMP100031,1,ACC0031V,ACC0031M1,26024.1,5,2026-07-08 05:37:07
HOP0092,CMP100031,2,ACC0031M1,ACC0031M2,24654.41,12,2026-07-08 05:54:07
HOP0093,CMP100031,3,ACC0031M2,ACC0031M3,23284.72,8,2026-07-08 06:02:07
HOP0094,CMP100032,1,ACC0032V,ACC0032M1,302780.43,5,2026-06-03 18:50:07
HOP0095,CMP100032,2,ACC0032M1,ACC0032M2,286844.62,12,2026-06-03 19:07:07
HOP0096,CMP100032,3,ACC0032M2,ACC0032M3,270908.8,8,2026-06-03 19:15:07
HOP0097,CMP100033,1,ACC0033V,ACC0033M1,46863.19,5,2026-06-13 13:56:07
HOP0098,CMP100033,2,ACC0033M1,ACC0033M2,44396.7,12,2026-06-13 14:13:07
HOP0099,CMP100033,3,ACC0033M2,ACC0033M3,41930.22,8,2026-06-13 14:21:07
HOP0100,CMP100034,1,ACC0034V,ACC0034M1,16494.37,5,2026-07-27 13:00:07
HOP0101,CMP100034,2,ACC0034M1,ACC0034M2,15626.24,12,2026-07-27 13:17:07
HOP0102,CMP100034,3,ACC0034M2,ACC0034M3,14758.12,8,2026-07-27 13:25:07
HOP0103,CMP100035,1,ACC0035V,ACC0035M1,108123.56,5,2026-08-08 23:04:07
HOP0104,CMP100035,2,ACC0035M1,ACC0035M2,102432.84,12,2026-08-08 23:21:07
HOP0105,CMP100035,3,ACC0035M2,ACC0035M3,96742.13,8,2026-08-08 23:29:07
HOP0106,CMP100036,1,ACC0036V,ACC0036M1,14011.61,5,2026-05-08 19:25:07
HOP0107,CMP100036,2,ACC0036M1,ACC0036M2,13274.15,12,2026-05-08 19:42:07
HOP0108,CMP100036,3,ACC0036M2,ACC0036M3,12536.7,8,2026-05-08 19:50:07
HOP0109,CMP100037,1,ACC0037V,ACC0037M1,58533.15,5,2026-04-10 22:39:07
HOP0110,CMP100037,2,ACC0037M1,ACC0037M2,55452.46,12,2026-04-10 22:56:07
HOP0111,CMP100037,3,ACC0037M2,ACC0037M3,52371.76,8,2026-04-10 23:04:07
HOP0112,CMP100038,1,ACC0038V,ACC0038M1,6692.98,5,2026-05-31 09:18:07
HOP0113,CMP100038,2,ACC0038M1,ACC0038M2,6340.72,12,2026-05-31 09:35:07
HOP0114,CMP100038,3,ACC0038M2,ACC0038M3,5988.45,8,2026-05-31 09:43:07
HOP0115,CMP100039,1,ACC0039V,ACC0039M1,12585.48,5,2026-07-25 09:49:07
HOP0116,CMP100039,2,ACC0039M1,ACC0039M2,11923.08,12,2026-07-25 10:06:07
HOP0117,CMP100039,3,ACC0039M2,ACC0039M3,11260.69,8,2026-07-25 10:14:07
HOP0118,CMP100040,1,ACC0040V,ACC0040M1,57834.81,5,2026-04-17 06:13:07
HOP0119,CMP100040,2,ACC0040M1,ACC0040M2,54790.88,12,2026-04-17 06:30:07
HOP0120,CMP100040,3,ACC0040M2,ACC0040M3,51746.94,8,2026-04-17 06:38:07
HOP0121,CMP100041,1,ACC0041V,ACC0041M1,99404.39,5,2026-05-23 09:19:07
HOP0122,CMP100041,2,ACC0041M1,ACC0041M2,94172.58,12,2026-05-23 09:36:07
HOP0123,CMP100041,3,ACC0041M2,ACC0041M3,88940.77,8,2026-05-23 09:44:07
HOP0124,CMP100042,1,ACC0042V,ACC0042M1,56379.07,5,2026-07-22 19:40:07
HOP0125,CMP100042,2,ACC0042M1,ACC0042M2,53411.75,12,2026-07-22 19:57:07
HOP0126,CMP100042,3,ACC0042M2,ACC0042M3,50444.43,8,2026-07-22 20:05:07
HOP0127,CMP100043,1,ACC0043V,ACC0043M1,42312.45,5,2026-05-18 10:37:07
HOP0128,CMP100043,2,ACC0043M1,ACC0043M2,40085.48,12,2026-05-18 10:54:07
HOP0129,CMP100043,3,ACC0043M2,ACC0043M3,37858.51,8,2026-05-18 11:02:07
HOP0130,CMP100044,1,ACC0044V,ACC0044M1,35150.05,5,2026-08-12 15:19:07
HOP0131,CMP100044,2,ACC0044M1,ACC0044M2,33300.05,12,2026-08-12 15:36:07
HOP0132,CMP100044,3,ACC0044M2,ACC0044M3,31450.04,8,2026-08-12 15:44:07
HOP0133,CMP100045,1,ACC0045V,ACC0045M1,10828.78,5,2026-05-26 18:27:07
HOP0134,CMP100045,2,ACC0045M1,ACC0045M2,10258.85,12,2026-05-26 18:44:07
HOP0135,CMP100045,3,ACC0045M2,ACC0045M3,9688.91,8,2026-05-26 18:52:07
HOP0136,CMP100046,1,ACC0046V,ACC0046M1,23124.33,5,2026-09-04 05:58:07
HOP0137,CMP100046,2,ACC0046M1,ACC0046M2,21907.26,12,2026-09-04 06:15:07
HOP0138,CMP100046,3,ACC0046M2,ACC0046M3,20690.19,8,2026-09-04 06:23:07
HOP0139,CMP100047,1,ACC0047V,ACC0047M1,29966.83,5,2026-05-04 17:55:07
HOP0140,CMP100047,2,ACC0047M1,ACC0047M2,28389.63,12,2026-05-04 18:12:07
HOP0141,CMP100047,3,ACC0047M2,ACC0047M3,26812.43,8,2026-05-04 18:20:07
HOP0142,CMP100048,1,ACC0048V,ACC0048M1,136708.64,5,2026-07-12 02:04:07
HOP0143,CMP100048,2,ACC0048M1,ACC0048M2,129513.45,12,2026-07-12 02:21:07
HOP0144,CMP100048,3,ACC0048M2,ACC0048M3,122318.26,8,2026-07-12 02:29:07
HOP0145,CMP100049,1,ACC0049V,ACC0049M1,66976.92,5,2026-08-12 08:24:07
HOP0146,CMP100049,2,ACC0049M1,ACC0049M2,63451.82,12,2026-08-12 08:41:07
HOP0147,CMP100049,3,ACC0049M2,ACC0049M3,59926.72,8,2026-08-12 08:49:07
HOP0148,CMP100050,1,ACC0050V,ACC0050M1,8147.32,5,2026-07-27 15:26:07
HOP0149,CMP100050,2,ACC0050M1,ACC0050M2,7718.52,12,2026-07-27 15:43:07
HOP0150,CMP100050,3,ACC0050M2,ACC0050M3,7289.71,8,2026-07-27 15:51:07
HOP0151,CMP100051,1,ACC0051V,ACC0051M1,65681.26,5,2026-07-06 16:06:07
HOP0152,CMP100051,2,ACC0051M1,ACC0051M2,62224.35,12,2026-07-06 16:23:07
HOP0153,CMP100051,3,ACC0051M2,ACC0051M3,58767.44,8,2026-07-06 16:31:07
HOP0154,CMP100052,1,ACC0052V,ACC0052M1,32318.74,5,2026-08-06 00:00:07
HOP0155,CMP100052,2,ACC0052M1,ACC0052M2,30617.76,12,2026-08-06 00:17:07
HOP0156,CMP100052,3,ACC0052M2,ACC0052M3,28916.77,8,2026-08-06 00:25:07
HOP0157,CMP100053,1,ACC0053V,ACC0053M1,24138.49,5,2026-08-18 16:18:07
HOP0158,CMP100053,2,ACC0053M1,ACC0053M2,22868.05,12,2026-08-18 16:35:07
HOP0159,CMP100053,3,ACC0053M2,ACC0053M3,21597.6,8,2026-08-18 16:43:07
HOP0160,CMP100054,1,ACC0054V,ACC0054M1,87567.15,5,2026-07-03 03:24:07
HOP0161,CMP100054,2,ACC0054M1,ACC0054M2,82958.35,12,2026-07-03 03:41:07
HOP0162,CMP100054,3,ACC0054M2,ACC0054M3,78349.56,8,2026-07-03 03:49:07
HOP0163,CMP100055,1,ACC0055V,ACC0055M1,133183.68,5,2026-06-25 13:39:07
HOP0164,CMP100055,2,ACC0055M1,ACC0055M2,126174.02,12,2026-06-25 13:56:07
HOP0165,CMP100055,3,ACC0055M2,ACC0055M3,119164.35,8,2026-06-25 14:04:07
HOP0166,CMP100056,1,ACC0056V,ACC0056M1,120543.4,5,2026-07-10 13:24:07
HOP0167,CMP100056,2,ACC0056M1,ACC0056M2,114199.01,12,2026-07-10 13:41:07
HOP0168,CMP100056,3,ACC0056M2,ACC0056M3,107854.62,8,2026-07-10 13:49:07
HOP0169,CMP100057,1,ACC0057V,ACC0057M1,20522.3,5,2026-09-02 05:13:07
HOP0170,CMP100057,2,ACC0057M1,ACC0057M2,19442.18,12,2026-09-02 05:30:07
HOP0171,CMP100057,3,ACC0057M2,ACC0057M3,18362.06,8,2026-09-02 05:38:07
HOP0172,CMP100058,1,ACC0058V,ACC0058M1,34866.18,5,2026-04-01 01:17:07
HOP0173,CMP100058,2,ACC0058M1,ACC0058M2,33031.12,12,2026-04-01 01:34:07
HOP0174,CMP100058,3,ACC0058M2,ACC0058M3,31196.05,8,2026-04-01 01:42:07
HOP0175,CMP100059,1,ACC0059V,ACC0059M1,66154.51,5,2026-08-08 12:46:07
HOP0176,CMP100059,2,ACC0059M1,ACC0059M2,62672.7,12,2026-08-08 13:03:07
HOP0177,CMP100059,3,ACC0059M2,ACC0059M3,59190.88,8,2026-08-08 13:11:07
HOP0178,CMP100060,1,ACC0060V,ACC0060M1,125999.11,5,2026-07-23 02:46:07
HOP0179,CMP100060,2,ACC0060M1,ACC0060M2,119367.58,12,2026-07-23 03:03:07
HOP0180,CMP100060,3,ACC0060M2,ACC0060M3,112736.04,8,2026-07-23 03:11:07
HOP0181,CMP100061,1,ACC0061V,ACC0061M1,29416.49,5,2026-07-02 02:01:07
HOP0182,CMP100061,2,ACC0061M1,ACC0061M2,27868.26,12,2026-07-02 02:18:07
HOP0183,CMP100061,3,ACC0061M2,ACC0061M3,26320.02,8,2026-07-02 02:26:07
HOP0184,CMP100062,1,ACC0062V,ACC0062M1,39451.45,5,2026-08-09 09:45:07
HOP0185,CMP100062,2,ACC0062M1,ACC0062M2,37375.06,12,2026-08-09 10:02:07
HOP0186,CMP100062,3,ACC0062M2,ACC0062M3,35298.66,8,2026-08-09 10:10:07
HOP0187,CMP100063,1,ACC0063V,ACC0063M1,15711.53,5,2026-05-11 18:32:07
HOP0188,CMP100063,2,ACC0063M1,ACC0063M2,14884.61,12,2026-05-11 18:49:07
HOP0189,CMP100063,3,ACC0063M2,ACC0063M3,14057.68,8,2026-05-11 18:57:07
HOP0190,CMP100064,1,ACC0064V,ACC0064M1,14361.1,5,2026-08-19 21:14:07
HOP0191,CMP100064,2,ACC0064M1,ACC0064M2,13605.26,12,2026-08-19 21:31:07
HOP0192,CMP100064,3,ACC0064M2,ACC0064M3,12849.41,8,2026-08-19 21:39:07
HOP0193,CMP100065,1,ACC0065V,ACC0065M1,107045.67,5,2026-04-21 21:45:07
HOP0194,CMP100065,2,ACC0065M1,ACC0065M2,101411.68,12,2026-04-21 22:02:07
HOP0195,CMP100065,3,ACC0065M2,ACC0065M3,95777.7,8,2026-04-21 22:10:07
HOP0196,CMP100066,1,ACC0066V,ACC0066M1,184374.63,5,2026-07-30 15:53:07
HOP0197,CMP100066,2,ACC0066M1,ACC0066M2,174670.7,12,2026-07-30 16:10:07
HOP0198,CMP100066,3,ACC0066M2,ACC0066M3,164966.78,8,2026-07-30 16:18:07
HOP0199,CMP100067,1,ACC0067V,ACC0067M1,44199.77,5,2026-04-17 16:40:07
HOP0200,CMP100067,2,ACC0067M1,ACC0067M2,41873.46,12,2026-04-17 16:57:07
HOP0201,CMP100067,3,ACC0067M2,ACC0067M3,39547.16,8,2026-04-17 17:05:07
HOP0202,CMP100068,1,ACC0068V,ACC0068M1,129575.35,5,2026-07-18 20:19:07
HOP0203,CMP100068,2,ACC0068M1,ACC0068M2,122755.6,12,2026-07-18 20:36:07
HOP0204,CMP100068,3,ACC0068M2,ACC0068M3,115935.84,8,2026-07-18 20:44:07
HOP0205,CMP100069,1,ACC0069V,ACC0069M1,68194.62,5,2026-04-22 08:36:07
HOP0206,CMP100069,2,ACC0069M1,ACC0069M2,64605.43,12,2026-04-22 08:53:07
HOP0207,CMP100069,3,ACC0069M2,ACC0069M3,61016.24,8,2026-04-22 09:01:07
HOP0208,CMP100070,1,ACC0070V,ACC0070M1,24918.49,5,2026-04-18 08:28:07
HOP0209,CMP100070,2,ACC0070M1,ACC0070M2,23606.99,12,2026-04-18 08:45:07
HOP0210,CMP100070,3,ACC0070M2,ACC0070M3,22295.49,8,2026-04-18 08:53:07
HOP0211,CMP100071,1,ACC0071V,ACC0071M1,68178.23,5,2026-06-12 17:02:07
HOP0212,CMP100071,2,ACC0071M1,ACC0071M2,64589.9,12,2026-06-12 17:19:07
HOP0213,CMP100071,3,ACC0071M2,ACC0071M3,61001.58,8,2026-06-12 17:27:07
HOP0214,CMP100072,1,ACC0072V,ACC0072M1,221133.43,5,2026-05-30 16:17:07
HOP0215,CMP100072,2,ACC0072M1,ACC0072M2,209494.83,12,2026-05-30 16:34:07
HOP0216,CMP100072,3,ACC0072M2,ACC0072M3,197856.23,8,2026-05-30 16:42:07
HOP0217,CMP100073,1,ACC0073V,ACC0073M1,45828.39,5,2026-06-21 03:55:07
HOP0218,CMP100073,2,ACC0073M1,ACC0073M2,43416.37,12,2026-06-21 04:12:07
HOP0219,CMP100073,3,ACC0073M2,ACC0073M3,41004.35,8,2026-06-21 04:20:07
HOP0220,CMP100074,1,ACC0074V,ACC0074M1,227096.12,5,2026-06-15 13:56:07
HOP0221,CMP100074,2,ACC0074M1,ACC0074M2,215143.7,12,2026-06-15 14:13:07
HOP0222,CMP100074,3,ACC0074M2,ACC0074M3,203191.27,8,2026-06-15 14:21:07
HOP0223,CMP100075,1,ACC0075V,ACC0075M1,4750.0,5,2026-07-05 19:38:07
HOP0224,CMP100075,2,ACC0075M1,ACC0075M2,4500.0,12,2026-07-05 19:55:07
HOP0225,CMP100075,3,ACC0075M2,ACC0075M3,4250.0,8,2026-07-05 20:03:07
HOP0226,CMP100076,1,ACC0076V,ACC0076M1,108054.12,5,2026-07-17 18:24:07
HOP0227,CMP100076,2,ACC0076M1,ACC0076M2,102367.06,12,2026-07-17 18:41:07
HOP0228,CMP100076,3,ACC0076M2,ACC0076M3,96680.0,8,2026-07-17 18:49:07
HOP0229,CMP100077,1,ACC0077V,ACC0077M1,51820.03,5,2026-07-13 20:35:07
HOP0230,CMP100077,2,ACC0077M1,ACC0077M2,49092.66,12,2026-07-13 20:52:07
HOP0231,CMP100077,3,ACC0077M2,ACC0077M3,46365.29,8,2026-07-13 21:00:07
HOP0232,CMP100078,1,ACC0078V,ACC0078M1,35223.81,5,2026-06-28 07:28:07
HOP0233,CMP100078,2,ACC0078M1,ACC0078M2,33369.93,12,2026-06-28 07:45:07
HOP0234,CMP100078,3,ACC0078M2,ACC0078M3,31516.04,8,2026-06-28 07:53:07
HOP0235,CMP100079,1,ACC0079V,ACC0079M1,52064.87,5,2026-08-19 05:14:07
HOP0236,CMP100079,2,ACC0079M1,ACC0079M2,49324.62,12,2026-08-19 05:31:07
HOP0237,CMP100079,3,ACC0079M2,ACC0079M3,46584.36,8,2026-08-19 05:39:07
HOP0238,CMP100080,1,ACC0080V,ACC0080M1,6508.84,5,2026-07-19 19:56:07
HOP0239,CMP100080,2,ACC0080M1,ACC0080M2,6166.27,12,2026-07-19 20:13:07
HOP0240,CMP100080,3,ACC0080M2,ACC0080M3,5823.7,8,2026-07-19 20:21:07
HOP0241,CMP100081,1,ACC0081V,ACC0081M1,38132.15,5,2026-07-11 10:38:07
HOP0242,CMP100081,2,ACC0081M1,ACC0081M2,36125.2,12,2026-07-11 10:55:07
HOP0243,CMP100081,3,ACC0081M2,ACC0081M3,34118.24,8,2026-07-11 11:03:07
HOP0244,CMP100082,1,ACC0082V,ACC0082M1,67886.85,5,2026-07-26 11:59:07
HOP0245,CMP100082,2,ACC0082M1,ACC0082M2,64313.86,12,2026-07-26 12:16:07
HOP0246,CMP100082,3,ACC0082M2,ACC0082M3,60740.86,8,2026-07-26 12:24:07
HOP0247,CMP100083,1,ACC0083V,ACC0083M1,208225.94,5,2026-09-16 14:30:07
HOP0248,CMP100083,2,ACC0083M1,ACC0083M2,197266.68,12,2026-09-16 14:47:07
HOP0249,CMP100083,3,ACC0083M2,ACC0083M3,186307.42,8,2026-09-16 14:55:07
HOP0250,CMP100084,1,ACC0084V,ACC0084M1,28288.62,5,2026-07-09 04:42:07
HOP0251,CMP100084,2,ACC0084M1,ACC0084M2,26799.74,12,2026-07-09 04:59:07
HOP0252,CMP100084,3,ACC0084M2,ACC0084M3,25310.87,8,2026-07-09 05:07:07
HOP0253,CMP100085,1,ACC0085V,ACC0085M1,21162.62,5,2026-09-23 14:44:07
HOP0254,CMP100085,2,ACC0085M1,ACC0085M2,20048.8,12,2026-09-23 15:01:07
HOP0255,CMP100085,3,ACC0085M2,ACC0085M3,18934.97,8,2026-09-23 15:09:07
HOP0256,CMP100086,1,ACC0086V,ACC0086M1,28759.63,5,2026-04-25 17:13:07
HOP0257,CMP100086,2,ACC0086M1,ACC0086M2,27245.96,12,2026-04-25 17:30:07
HOP0258,CMP100086,3,ACC0086M2,ACC0086M3,25732.3,8,2026-04-25 17:38:07
HOP0259,CMP100087,1,ACC0087V,ACC0087M1,118644.52,5,2026-06-25 23:10:07
HOP0260,CMP100087,2,ACC0087M1,ACC0087M2,112400.07,12,2026-06-25 23:27:07
HOP0261,CMP100087,3,ACC0087M2,ACC0087M3,106155.62,8,2026-06-25 23:35:07
HOP0262,CMP100088,1,ACC0088V,ACC0088M1,65988.52,5,2026-06-13 11:42:07
HOP0263,CMP100088,2,ACC0088M1,ACC0088M2,62515.44,12,2026-06-13 11:59:07
HOP0264,CMP100088,3,ACC0088M2,ACC0088M3,59042.36,8,2026-06-13 12:07:07
HOP0265,CMP100089,1,ACC0089V,ACC0089M1,27965.44,5,2026-05-14 00:11:07
HOP0266,CMP100089,2,ACC0089M1,ACC0089M2,26493.58,12,2026-05-14 00:28:07
HOP0267,CMP100089,3,ACC0089M2,ACC0089M3,25021.71,8,2026-05-14 00:36:07
HOP0268,CMP100090,1,ACC0090V,ACC0090M1,79360.22,5,2026-09-01 10:26:07
HOP0269,CMP100090,2,ACC0090M1,ACC0090M2,75183.36,12,2026-09-01 10:43:07
HOP0270,CMP100090,3,ACC0090M2,ACC0090M3,71006.51,8,2026-09-01 10:51:07
HOP0271,CMP100091,1,ACC0091V,ACC0091M1,52342.43,5,2026-07-10 06:02:07
HOP0272,CMP100091,2,ACC0091M1,ACC0091M2,49587.56,12,2026-07-10 06:19:07
HOP0273,CMP100091,3,ACC0091M2,ACC0091M3,46832.7,8,2026-07-10 06:27:07
HOP0274,CMP100092,1,ACC0092V,ACC0092M1,125132.69,5,2026-06-05 16:05:07
HOP0275,CMP100092,2,ACC0092M1,ACC0092M2,118546.76,12,2026-06-05 16:22:07
HOP0276,CMP100092,3,ACC0092M2,ACC0092M3,111960.83,8,2026-06-05 16:30:07
HOP0277,CMP100093,1,ACC0093V,ACC0093M1,23539.42,5,2026-06-04 02:23:07
HOP0278,CMP100093,2,ACC0093M1,ACC0093M2,22300.51,12,2026-06-04 02:40:07
HOP0279,CMP100093,3,ACC0093M2,ACC0093M3,21061.59,8,2026-06-04 02:48:07
HOP0280,CMP100094,1,ACC0094V,ACC0094M1,34228.8,5,2026-04-23 08:24:07
HOP0281,CMP100094,2,ACC0094M1,ACC0094M2,32427.29,12,2026-04-23 08:41:07
HOP0282,CMP100094,3,ACC0094M2,ACC0094M3,30625.77,8,2026-04-23 08:49:07
HOP0283,CMP100095,1,ACC0095V,ACC0095M1,32092.47,5,2026-05-20 08:08:07
HOP0284,CMP100095,2,ACC0095M1,ACC0095M2,30403.4,12,2026-05-20 08:25:07
HOP0285,CMP100095,3,ACC0095M2,ACC0095M3,28714.32,8,2026-05-20 08:33:07
HOP0286,CMP100096,1,ACC0096V,ACC0096M1,10992.52,5,2026-08-19 20:05:07
HOP0287,CMP100096,2,ACC0096M1,ACC0096M2,10413.96,12,2026-08-19 20:22:07
HOP0288,CMP100096,3,ACC0096M2,ACC0096M3,9835.41,8,2026-08-19 20:30:07
HOP0289,CMP100097,1,ACC0097V,ACC0097M1,63870.01,5,2026-08-06 06:23:07
HOP0290,CMP100097,2,ACC0097M1,ACC0097M2,60508.43,12,2026-08-06 06:40:07
HOP0291,CMP100097,3,ACC0097M2,ACC0097M3,57146.85,8,2026-08-06 06:48:07
HOP0292,CMP100098,1,ACC0098V,ACC0098M1,61669.22,5,2026-05-04 06:51:07
HOP0293,CMP100098,2,ACC0098M1,ACC0098M2,58423.47,12,2026-05-04 07:08:07
HOP0294,CMP100098,3,ACC0098M2,ACC0098M3,55177.72,8,2026-05-04 07:16:07
HOP0295,CMP100099,1,ACC0099V,ACC0099M1,47743.51,5,2026-09-05 10:56:07
HOP0296,CMP100099,2,ACC0099M1,ACC0099M2,45230.7,12,2026-09-05 11:13:07
HOP0297,CMP100099,3,ACC0099M2,ACC0099M3,42717.88,8,2026-09-05 11:21:07
HOP0298,CMP100100,1,ACC0100V,ACC0100M1,37567.63,5,2026-07-23 05:13:07
HOP0299,CMP100100,2,ACC0100M1,ACC0100M2,35590.38,12,2026-07-23 05:30:07
HOP0300,CMP100100,3,ACC0100M2,ACC0100M3,33613.14,8,2026-07-23 05:38:07
HOP0301,CMP100101,1,ACC0101V,ACC0101M1,11534.69,5,2026-06-17 17:52:07
HOP0302,CMP100101,2,ACC0101M1,ACC0101M2,10927.6,12,2026-06-17 18:09:07
HOP0303,CMP100101,3,ACC0101M2,ACC0101M3,10320.51,8,2026-06-17 18:17:07
HOP0304,CMP100102,1,ACC0102V,ACC0102M1,31189.59,5,2026-09-03 22:32:07
HOP0305,CMP100102,2,ACC0102M1,ACC0102M2,29548.04,12,2026-09-03 22:49:07
HOP0306,CMP100102,3,ACC0102M2,ACC0102M3,27906.48,8,2026-09-03 22:57:07
HOP0307,CMP100103,1,ACC0103V,ACC0103M1,33717.44,5,2026-06-05 11:12:07
HOP0308,CMP100103,2,ACC0103M1,ACC0103M2,31942.84,12,2026-06-05 11:29:07
HOP0309,CMP100103,3,ACC0103M2,ACC0103M3,30168.23,8,2026-06-05 11:37:07
HOP0310,CMP100104,1,ACC0104V,ACC0104M1,21294.57,5,2026-09-10 11:16:07
HOP0311,CMP100104,2,ACC0104M1,ACC0104M2,20173.81,12,2026-09-10 11:33:07
HOP0312,CMP100104,3,ACC0104M2,ACC0104M3,19053.04,8,2026-09-10 11:41:07
HOP0313,CMP100105,1,ACC0105V,ACC0105M1,40424.82,5,2026-03-29 09:15:07
HOP0314,CMP100105,2,ACC0105M1,ACC0105M2,38297.2,12,2026-03-29 09:32:07
HOP0315,CMP100105,3,ACC0105M2,ACC0105M3,36169.57,8,2026-03-29 09:40:07
HOP0316,CMP100106,1,ACC0106V,ACC0106M1,71149.31,5,2026-04-22 11:51:07
HOP0317,CMP100106,2,ACC0106M1,ACC0106M2,67404.61,12,2026-04-22 12:08:07
HOP0318,CMP100106,3,ACC0106M2,ACC0106M3,63659.91,8,2026-04-22 12:16:07
HOP0319,CMP100107,1,ACC0107V,ACC0107M1,313223.07,5,2026-08-31 04:41:07
HOP0320,CMP100107,2,ACC0107M1,ACC0107M2,296737.64,12,2026-08-31 04:58:07
HOP0321,CMP100107,3,ACC0107M2,ACC0107M3,280252.22,8,2026-08-31 05:06:07
HOP0322,CMP100108,1,ACC0108V,ACC0108M1,56560.31,5,2026-04-21 13:19:07
HOP0323,CMP100108,2,ACC0108M1,ACC0108M2,53583.45,12,2026-04-21 13:36:07
HOP0324,CMP100108,3,ACC0108M2,ACC0108M3,50606.59,8,2026-04-21 13:44:07
HOP0325,CMP100109,1,ACC0109V,ACC0109M1,61453.46,5,2026-09-08 10:46:07
HOP0326,CMP100109,2,ACC0109M1,ACC0109M2,58219.07,12,2026-09-08 11:03:07
HOP0327,CMP100109,3,ACC0109M2,ACC0109M3,54984.67,8,2026-09-08 11:11:07
HOP0328,CMP100110,1,ACC0110V,ACC0110M1,44092.24,5,2026-07-05 18:12:07
HOP0329,CMP100110,2,ACC0110M1,ACC0110M2,41771.59,12,2026-07-05 18:29:07
HOP0330,CMP100110,3,ACC0110M2,ACC0110M3,39450.95,8,2026-07-05 18:37:07
HOP0331,CMP100111,1,ACC0111V,ACC0111M1,6972.39,5,2026-06-27 18:39:07
HOP0332,CMP100111,2,ACC0111M1,ACC0111M2,6605.42,12,2026-06-27 18:56:07
HOP0333,CMP100111,3,ACC0111M2,ACC0111M3,6238.46,8,2026-06-27 19:04:07
HOP0334,CMP100112,1,ACC0112V,ACC0112M1,46257.14,5,2026-08-24 10:31:07
HOP0335,CMP100112,2,ACC0112M1,ACC0112M2,43822.56,12,2026-08-24 10:48:07
HOP0336,CMP100112,3,ACC0112M2,ACC0112M3,41387.97,8,2026-08-24 10:56:07
HOP0337,CMP100113,1,ACC0113V,ACC0113M1,50448.85,5,2026-09-22 20:36:07
HOP0338,CMP100113,2,ACC0113M1,ACC0113M2,47793.65,12,2026-09-22 20:53:07
HOP0339,CMP100113,3,ACC0113M2,ACC0113M3,45138.44,8,2026-09-22 21:01:07
HOP0340,CMP100114,1,ACC0114V,ACC0114M1,557784.02,5,2026-05-06 01:51:07
HOP0341,CMP100114,2,ACC0114M1,ACC0114M2,528426.96,12,2026-05-06 02:08:07
HOP0342,CMP100114,3,ACC0114M2,ACC0114M3,499069.91,8,2026-05-06 02:16:07
HOP0343,CMP100115,1,ACC0115V,ACC0115M1,39187.93,5,2026-04-18 21:38:07
HOP0344,CMP100115,2,ACC0115M1,ACC0115M2,37125.4,12,2026-04-18 21:55:07
HOP0345,CMP100115,3,ACC0115M2,ACC0115M3,35062.88,8,2026-04-18 22:03:07
HOP0346,CMP100116,1,ACC0116V,ACC0116M1,64217.59,5,2026-09-22 08:41:07
HOP0347,CMP100116,2,ACC0116M1,ACC0116M2,60837.71,12,2026-09-22 08:58:07
HOP0348,CMP100116,3,ACC0116M2,ACC0116M3,57457.84,8,2026-09-22 09:06:07
HOP0349,CMP100117,1,ACC0117V,ACC0117M1,45879.48,5,2026-04-03 19:22:07
HOP0350,CMP100117,2,ACC0117M1,ACC0117M2,43464.77,12,2026-04-03 19:39:07
HOP0351,CMP100117,3,ACC0117M2,ACC0117M3,41050.06,8,2026-04-03 19:47:07
HOP0352,CMP100118,1,ACC0118V,ACC0118M1,14761.94,5,2026-08-04 19:34:07
HOP0353,CMP100118,2,ACC0118M1,ACC0118M2,13984.99,12,2026-08-04 19:51:07
HOP0354,CMP100118,3,ACC0118M2,ACC0118M3,13208.05,8,2026-08-04 19:59:07
HOP0355,CMP100119,1,ACC0119V,ACC0119M1,148941.34,5,2026-08-04 08:33:07
HOP0356,CMP100119,2,ACC0119M1,ACC0119M2,141102.32,12,2026-08-04 08:50:07
HOP0357,CMP100119,3,ACC0119M2,ACC0119M3,133263.31,8,2026-08-04 08:58:07
HOP0358,CMP100120,1,ACC0120V,ACC0120M1,100752.07,5,2026-05-23 18:46:07
HOP0359,CMP100120,2,ACC0120M1,ACC0120M2,95449.33,12,2026-05-23 19:03:07
HOP0360,CMP100120,3,ACC0120M2,ACC0120M3,90146.59,8,2026-05-23 19:11:07
HOP0361,CMP100121,1,ACC0121V,ACC0121M1,104769.39,5,2026-05-11 16:22:07
HOP0362,CMP100121,2,ACC0121M1,ACC0121M2,99255.21,12,2026-05-11 16:39:07
HOP0363,CMP100121,3,ACC0121M2,ACC0121M3,93741.03,8,2026-05-11 16:47:07
HOP0364,CMP100122,1,ACC0122V,ACC0122M1,19131.61,5,2026-03-29 19:43:07
HOP0365,CMP100122,2,ACC0122M1,ACC0122M2,18124.69,12,2026-03-29 20:00:07
HOP0366,CMP100122,3,ACC0122M2,ACC0122M3,17117.76,8,2026-03-29 20:08:07
HOP0367,CMP100123,1,ACC0123V,ACC0123M1,193161.0,5,2026-08-13 15:40:07
HOP0368,CMP100123,2,ACC0123M1,ACC0123M2,182994.63,12,2026-08-13 15:57:07
HOP0369,CMP100123,3,ACC0123M2,ACC0123M3,172828.26,8,2026-08-13 16:05:07
HOP0370,CMP100124,1,ACC0124V,ACC0124M1,11691.7,5,2026-06-13 11:44:07
HOP0371,CMP100124,2,ACC0124M1,ACC0124M2,11076.34,12,2026-06-13 12:01:07
HOP0372,CMP100124,3,ACC0124M2,ACC0124M3,10460.99,8,2026-06-13 12:09:07
HOP0373,CMP100125,1,ACC0125V,ACC0125M1,85420.56,5,2026-08-07 22:15:07
HOP0374,CMP100125,2,ACC0125M1,ACC0125M2,80924.74,12,2026-08-07 22:32:07
HOP0375,CMP100125,3,ACC0125M2,ACC0125M3,76428.92,8,2026-08-07 22:40:07
HOP0376,CMP100126,1,ACC0126V,ACC0126M1,424616.05,5,2026-07-17 05:39:07
HOP0377,CMP100126,2,ACC0126M1,ACC0126M2,402267.83,12,2026-07-17 05:56:07
HOP0378,CMP100126,3,ACC0126M2,ACC0126M3,379919.62,8,2026-07-17 06:04:07
HOP0379,CMP100127,1,ACC0127V,ACC0127M1,17640.43,5,2026-06-04 15:35:07
HOP0380,CMP100127,2,ACC0127M1,ACC0127M2,16711.98,12,2026-06-04 15:52:07
HOP0381,CMP100127,3,ACC0127M2,ACC0127M3,15783.54,8,2026-06-04 16:00:07
HOP0382,CMP100128,1,ACC0128V,ACC0128M1,26962.09,5,2026-06-15 21:38:07
HOP0383,CMP100128,2,ACC0128M1,ACC0128M2,25543.04,12,2026-06-15 21:55:07
HOP0384,CMP100128,3,ACC0128M2,ACC0128M3,24123.98,8,2026-06-15 22:03:07
HOP0385,CMP100129,1,ACC0129V,ACC0129M1,52477.32,5,2026-05-07 05:50:07
HOP0386,CMP100129,2,ACC0129M1,ACC0129M2,49715.35,12,2026-05-07 06:07:07
HOP0387,CMP100129,3,ACC0129M2,ACC0129M3,46953.39,8,2026-05-07 06:15:07
HOP0388,CMP100130,1,ACC0130V,ACC0130M1,28710.24,5,2026-08-05 10:14:07
HOP0389,CMP100130,2,ACC0130M1,ACC0130M2,27199.18,12,2026-08-05 10:31:07
HOP0390,CMP100130,3,ACC0130M2,ACC0130M3,25688.11,8,2026-08-05 10:39:07
HOP0391,CMP100131,1,ACC0131V,ACC0131M1,10075.09,5,2026-04-20 22:37:07
HOP0392,CMP100131,2,ACC0131M1,ACC0131M2,9544.82,12,2026-04-20 22:54:07
HOP0393,CMP100131,3,ACC0131M2,ACC0131M3,9014.56,8,2026-04-20 23:02:07
HOP0394,CMP100132,1,ACC0132V,ACC0132M1,50870.98,5,2026-08-24 02:47:07
HOP0395,CMP100132,2,ACC0132M1,ACC0132M2,48193.56,12,2026-08-24 03:04:07
HOP0396,CMP100132,3,ACC0132M2,ACC0132M3,45516.14,8,2026-08-24 03:12:07
HOP0397,CMP100133,1,ACC0133V,ACC0133M1,16418.78,5,2026-04-06 22:34:07
HOP0398,CMP100133,2,ACC0133M1,ACC0133M2,15554.64,12,2026-04-06 22:51:07
HOP0399,CMP100133,3,ACC0133M2,ACC0133M3,14690.49,8,2026-04-06 22:59:07
HOP0400,CMP100134,1,ACC0134V,ACC0134M1,76273.24,5,2026-06-25 15:29:07
HOP0401,CMP100134,2,ACC0134M1,ACC0134M2,72258.86,12,2026-06-25 15:46:07
HOP0402,CMP100134,3,ACC0134M2,ACC0134M3,68244.48,8,2026-06-25 15:54:07
HOP0403,CMP100135,1,ACC0135V,ACC0135M1,18940.56,5,2026-09-08 18:02:07
HOP0404,CMP100135,2,ACC0135M1,ACC0135M2,17943.69,12,2026-09-08 18:19:07
HOP0405,CMP100135,3,ACC0135M2,ACC0135M3,16946.82,8,2026-09-08 18:27:07
HOP0406,CMP100136,1,ACC0136V,ACC0136M1,223780.16,5,2026-09-08 00:46:07
HOP0407,CMP100136,2,ACC0136M1,ACC0136M2,212002.25,12,2026-09-08 01:03:07
HOP0408,CMP100136,3,ACC0136M2,ACC0136M3,200224.35,8,2026-09-08 01:11:07
HOP0409,CMP100137,1,ACC0137V,ACC0137M1,21703.57,5,2026-07-04 16:42:07
HOP0410,CMP100137,2,ACC0137M1,ACC0137M2,20561.27,12,2026-07-04 16:59:07
HOP0411,CMP100137,3,ACC0137M2,ACC0137M3,19418.98,8,2026-07-04 17:07:07
HOP0412,CMP100138,1,ACC0138V,ACC0138M1,34421.05,5,2026-08-23 15:41:07
HOP0413,CMP100138,2,ACC0138M1,ACC0138M2,32609.41,12,2026-08-23 15:58:07
HOP0414,CMP100138,3,ACC0138M2,ACC0138M3,30797.78,8,2026-08-23 16:06:07
HOP0415,CMP100139,1,ACC0139V,ACC0139M1,107151.84,5,2026-06-25 13:42:07
HOP0416,CMP100139,2,ACC0139M1,ACC0139M2,101512.27,12,2026-06-25 13:59:07
HOP0417,CMP100139,3,ACC0139M2,ACC0139M3,95872.7,8,2026-06-25 14:07:07
HOP0418,CMP100140,1,ACC0140V,ACC0140M1,13871.9,5,2026-08-18 15:24:07
HOP0419,CMP100140,2,ACC0140M1,ACC0140M2,13141.8,12,2026-08-18 15:41:07
HOP0420,CMP100140,3,ACC0140M2,ACC0140M3,12411.7,8,2026-08-18 15:49:07
HOP0421,CMP100141,1,ACC0141V,ACC0141M1,59631.84,5,2026-04-02 01:01:07
HOP0422,CMP100141,2,ACC0141M1,ACC0141M2,56493.32,12,2026-04-02 01:18:07
HOP0423,CMP100141,3,ACC0141M2,ACC0141M3,53354.81,8,2026-04-02 01:26:07
HOP0424,CMP100142,1,ACC0142V,ACC0142M1,175540.97,5,2026-05-04 03:16:07
HOP0425,CMP100142,2,ACC0142M1,ACC0142M2,166301.97,12,2026-05-04 03:33:07
HOP0426,CMP100142,3,ACC0142M2,ACC0142M3,157062.97,8,2026-05-04 03:41:07
HOP0427,CMP100143,1,ACC0143V,ACC0143M1,9518.59,5,2026-06-21 17:51:07
HOP0428,CMP100143,2,ACC0143M1,ACC0143M2,9017.61,12,2026-06-21 18:08:07
HOP0429,CMP100143,3,ACC0143M2,ACC0143M3,8516.63,8,2026-06-21 18:16:07
HOP0430,CMP100144,1,ACC0144V,ACC0144M1,57131.96,5,2026-05-24 06:08:07
HOP0431,CMP100144,2,ACC0144M1,ACC0144M2,54125.01,12,2026-05-24 06:25:07
HOP0432,CMP100144,3,ACC0144M2,ACC0144M3,51118.07,8,2026-05-24 06:33:07
HOP0433,CMP100145,1,ACC0145V,ACC0145M1,61596.96,5,2026-08-19 09:42:07
HOP0434,CMP100145,2,ACC0145M1,ACC0145M2,58355.01,12,2026-08-19 09:59:07
HOP0435,CMP100145,3,ACC0145M2,ACC0145M3,55113.07,8,2026-08-19 10:07:07
HOP0436,CMP100146,1,ACC0146V,ACC0146M1,103808.99,5,2026-06-20 07:35:07
HOP0437,CMP100146,2,ACC0146M1,ACC0146M2,98345.36,12,2026-06-20 07:52:07
HOP0438,CMP100146,3,ACC0146M2,ACC0146M3,92881.73,8,2026-06-20 08:00:07
HOP0439,CMP100147,1,ACC0147V,ACC0147M1,13787.73,5,2026-05-19 16:15:07
HOP0440,CMP100147,2,ACC0147M1,ACC0147M2,13062.06,12,2026-05-19 16:32:07
HOP0441,CMP100147,3,ACC0147M2,ACC0147M3,12336.39,8,2026-05-19 16:40:07
HOP0442,CMP100148,1,ACC0148V,ACC0148M1,12683.14,5,2026-07-12 14:27:07
HOP0443,CMP100148,2,ACC0148M1,ACC0148M2,12015.6,12,2026-07-12 14:44:07
HOP0444,CMP100148,3,ACC0148M2,ACC0148M3,11348.07,8,2026-07-12 14:52:07
HOP0445,CMP100149,1,ACC0149V,ACC0149M1,80051.59,5,2026-05-07 22:35:07
HOP0446,CMP100149,2,ACC0149M1,ACC0149M2,75838.35,12,2026-05-07 22:52:07
HOP0447,CMP100149,3,ACC0149M2,ACC0149M3,71625.11,8,2026-05-07 23:00:07
HOP0448,CMP100150,1,ACC0150V,ACC0150M1,63925.24,5,2026-05-08 07:35:07
HOP0449,CMP100150,2,ACC0150M1,ACC0150M2,60560.76,12,2026-05-08 07:52:07
HOP0450,CMP100150,3,ACC0150M2,ACC0150M3,57196.27,8,2026-05-08 08:00:07
HOP0451,CMP100151,1,ACC0151V,ACC0151M1,61021.27,5,2026-05-06 09:37:07
HOP0452,CMP100151,2,ACC0151M1,ACC0151M2,57809.63,12,2026-05-06 09:54:07
HOP0453,CMP100151,3,ACC0151M2,ACC0151M3,54597.98,8,2026-05-06 10:02:07
HOP0454,CMP100152,1,ACC0152V,ACC0152M1,67166.72,5,2026-04-08 21:07:07
HOP0455,CMP100152,2,ACC0152M1,ACC0152M2,63631.63,12,2026-04-08 21:24:07
HOP0456,CMP100152,3,ACC0152M2,ACC0152M3,60096.54,8,2026-04-08 21:32:07
HOP0457,CMP100153,1,ACC0153V,ACC0153M1,24063.71,5,2026-05-17 11:32:07
HOP0458,CMP100153,2,ACC0153M1,ACC0153M2,22797.2,12,2026-05-17 11:49:07
HOP0459,CMP100153,3,ACC0153M2,ACC0153M3,21530.69,8,2026-05-17 11:57:07
HOP0460,CMP100154,1,ACC0154V,ACC0154M1,59918.39,5,2026-07-31 05:47:07
HOP0461,CMP100154,2,ACC0154M1,ACC0154M2,56764.79,12,2026-07-31 06:04:07
HOP0462,CMP100154,3,ACC0154M2,ACC0154M3,53611.19,8,2026-07-31 06:12:07
HOP0463,CMP100155,1,ACC0155V,ACC0155M1,63675.65,5,2026-06-02 23:00:07
HOP0464,CMP100155,2,ACC0155M1,ACC0155M2,60324.3,12,2026-06-02 23:17:07
HOP0465,CMP100155,3,ACC0155M2,ACC0155M3,56972.95,8,2026-06-02 23:25:07
HOP0466,CMP100156,1,ACC0156V,ACC0156M1,23251.7,5,2026-08-24 16:06:07
HOP0467,CMP100156,2,ACC0156M1,ACC0156M2,22027.92,12,2026-08-24 16:23:07
HOP0468,CMP100156,3,ACC0156M2,ACC0156M3,20804.15,8,2026-08-24 16:31:07
HOP0469,CMP100157,1,ACC0157V,ACC0157M1,306894.55,5,2026-06-11 10:56:07
HOP0470,CMP100157,2,ACC0157M1,ACC0157M2,290742.21,12,2026-06-11 11:13:07
HOP0471,CMP100157,3,ACC0157M2,ACC0157M3,274589.86,8,2026-06-11 11:21:07
HOP0472,CMP100158,1,ACC0158V,ACC0158M1,76291.58,5,2026-05-15 12:33:07
HOP0473,CMP100158,2,ACC0158M1,ACC0158M2,72276.24,12,2026-05-15 12:50:07
HOP0474,CMP100158,3,ACC0158M2,ACC0158M3,68260.89,8,2026-05-15 12:58:07
HOP0475,CMP100159,1,ACC0159V,ACC0159M1,14431.69,5,2026-04-13 10:55:07
HOP0476,CMP100159,2,ACC0159M1,ACC0159M2,13672.12,12,2026-04-13 11:12:07
HOP0477,CMP100159,3,ACC0159M2,ACC0159M3,12912.56,8,2026-04-13 11:20:07
HOP0478,CMP100160,1,ACC0160V,ACC0160M1,91586.45,5,2026-04-24 21:40:07
HOP0479,CMP100160,2,ACC0160M1,ACC0160M2,86766.11,12,2026-04-24 21:57:07
HOP0480,CMP100160,3,ACC0160M2,ACC0160M3,81945.77,8,2026-04-24 22:05:07
HOP0481,CMP100161,1,ACC0161V,ACC0161M1,17922.34,5,2026-07-10 16:55:07
HOP0482,CMP100161,2,ACC0161M1,ACC0161M2,16979.06,12,2026-07-10 17:12:07
HOP0483,CMP100161,3,ACC0161M2,ACC0161M3,16035.78,8,2026-07-10 17:20:07
HOP0484,CMP100162,1,ACC0162V,ACC0162M1,104356.65,5,2026-04-05 21:27:07
HOP0485,CMP100162,2,ACC0162M1,ACC0162M2,98864.19,12,2026-04-05 21:44:07
HOP0486,CMP100162,3,ACC0162M2,ACC0162M3,93371.74,8,2026-04-05 21:52:07
HOP0487,CMP100163,1,ACC0163V,ACC0163M1,151309.18,5,2026-06-14 17:24:07
HOP0488,CMP100163,2,ACC0163M1,ACC0163M2,143345.54,12,2026-06-14 17:41:07
HOP0489,CMP100163,3,ACC0163M2,ACC0163M3,135381.9,8,2026-06-14 17:49:07
HOP0490,CMP100164,1,ACC0164V,ACC0164M1,20906.23,5,2026-08-29 04:36:07
HOP0491,CMP100164,2,ACC0164M1,ACC0164M2,19805.9,12,2026-08-29 04:53:07
HOP0492,CMP100164,3,ACC0164M2,ACC0164M3,18705.58,8,2026-08-29 05:01:07
HOP0493,CMP100165,1,ACC0165V,ACC0165M1,124475.12,5,2026-08-05 13:35:07
HOP0494,CMP100165,2,ACC0165M1,ACC0165M2,117923.8,12,2026-08-05 13:52:07
HOP0495,CMP100165,3,ACC0165M2,ACC0165M3,111372.47,8,2026-08-05 14:00:07
HOP0496,CMP100166,1,ACC0166V,ACC0166M1,71773.16,5,2026-04-10 15:33:07
HOP0497,CMP100166,2,ACC0166M1,ACC0166M2,67995.63,12,2026-04-10 15:50:07
HOP0498,CMP100166,3,ACC0166M2,ACC0166M3,64218.09,8,2026-04-10 15:58:07
HOP0499,CMP100167,1,ACC0167V,ACC0167M1,108071.15,5,2026-09-05 12:14:07
HOP0500,CMP100167,2,ACC0167M1,ACC0167M2,102383.2,12,2026-09-05 12:31:07
HOP0501,CMP100167,3,ACC0167M2,ACC0167M3,96695.24,8,2026-09-05 12:39:07
HOP0502,CMP100168,1,ACC0168V,ACC0168M1,316563.13,5,2026-06-23 14:24:07
HOP0503,CMP100168,2,ACC0168M1,ACC0168M2,299901.91,12,2026-06-23 14:41:07
HOP0504,CMP100168,3,ACC0168M2,ACC0168M3,283240.7,8,2026-06-23 14:49:07
HOP0505,CMP100169,1,ACC0169V,ACC0169M1,37164.04,5,2026-09-08 16:14:07
HOP0506,CMP100169,2,ACC0169M1,ACC0169M2,35208.04,12,2026-09-08 16:31:07
HOP0507,CMP100169,3,ACC0169M2,ACC0169M3,33252.03,8,2026-09-08 16:39:07
HOP0508,CMP100170,1,ACC0170V,ACC0170M1,22353.74,5,2026-08-27 08:45:07
HOP0509,CMP100170,2,ACC0170M1,ACC0170M2,21177.23,12,2026-08-27 09:02:07
HOP0510,CMP100170,3,ACC0170M2,ACC0170M3,20000.71,8,2026-08-27 09:10:07
HOP0511,CMP100171,1,ACC0171V,ACC0171M1,19515.62,5,2026-05-21 22:50:07
HOP0512,CMP100171,2,ACC0171M1,ACC0171M2,18488.48,12,2026-05-21 23:07:07
HOP0513,CMP100171,3,ACC0171M2,ACC0171M3,17461.35,8,2026-05-21 23:15:07
HOP0514,CMP100172,1,ACC0172V,ACC0172M1,21008.34,5,2026-06-12 05:37:07
HOP0515,CMP100172,2,ACC0172M1,ACC0172M2,19902.64,12,2026-06-12 05:54:07
HOP0516,CMP100172,3,ACC0172M2,ACC0172M3,18796.93,8,2026-06-12 06:02:07
HOP0517,CMP100173,1,ACC0173V,ACC0173M1,43975.29,5,2026-08-06 16:28:07
HOP0518,CMP100173,2,ACC0173M1,ACC0173M2,41660.8,12,2026-08-06 16:45:07
HOP0519,CMP100173,3,ACC0173M2,ACC0173M3,39346.31,8,2026-08-06 16:53:07
HOP0520,CMP100174,1,ACC0174V,ACC0174M1,66811.93,5,2026-06-01 21:56:07
HOP0521,CMP100174,2,ACC0174M1,ACC0174M2,63295.52,12,2026-06-01 22:13:07
HOP0522,CMP100174,3,ACC0174M2,ACC0174M3,59779.1,8,2026-06-01 22:21:07
HOP0523,CMP100175,1,ACC0175V,ACC0175M1,62641.03,5,2026-08-03 18:25:07
HOP0524,CMP100175,2,ACC0175M1,ACC0175M2,59344.14,12,2026-08-03 18:42:07
HOP0525,CMP100175,3,ACC0175M2,ACC0175M3,56047.24,8,2026-08-03 18:50:07
HOP0526,CMP100176,1,ACC0176V,ACC0176M1,108626.24,5,2026-09-17 19:12:07
HOP0527,CMP100176,2,ACC0176M1,ACC0176M2,102909.07,12,2026-09-17 19:29:07
HOP0528,CMP100176,3,ACC0176M2,ACC0176M3,97191.9,8,2026-09-17 19:37:07
HOP0529,CMP100177,1,ACC0177V,ACC0177M1,48121.62,5,2026-07-23 12:01:07
HOP0530,CMP100177,2,ACC0177M1,ACC0177M2,45588.91,12,2026-07-23 12:18:07
HOP0531,CMP100177,3,ACC0177M2,ACC0177M3,43056.19,8,2026-07-23 12:26:07
HOP0532,CMP100178,1,ACC0178V,ACC0178M1,203214.85,5,2026-08-09 17:57:07
HOP0533,CMP100178,2,ACC0178M1,ACC0178M2,192519.33,12,2026-08-09 18:14:07
HOP0534,CMP100178,3,ACC0178M2,ACC0178M3,181823.81,8,2026-08-09 18:22:07
HOP0535,CMP100179,1,ACC0179V,ACC0179M1,36454.79,5,2026-05-12 11:02:07
HOP0536,CMP100179,2,ACC0179M1,ACC0179M2,34536.11,12,2026-05-12 11:19:07
HOP0537,CMP100179,3,ACC0179M2,ACC0179M3,32617.44,8,2026-05-12 11:27:07
HOP0538,CMP100180,1,ACC0180V,ACC0180M1,721187.29,5,2026-08-21 14:02:07
HOP0539,CMP100180,2,ACC0180M1,ACC0180M2,683230.07,12,2026-08-21 14:19:07
HOP0540,CMP100180,3,ACC0180M2,ACC0180M3,645272.84,8,2026-08-21 14:27:07
HOP0541,CMP100181,1,ACC0181V,ACC0181M1,88800.93,5,2026-04-06 01:43:07
HOP0542,CMP100181,2,ACC0181M1,ACC0181M2,84127.19,12,2026-04-06 02:00:07
HOP0543,CMP100181,3,ACC0181M2,ACC0181M3,79453.46,8,2026-04-06 02:08:07
HOP0544,CMP100182,1,ACC0182V,ACC0182M1,20157.41,5,2026-09-20 19:50:07
HOP0545,CMP100182,2,ACC0182M1,ACC0182M2,19096.5,12,2026-09-20 20:07:07
HOP0546,CMP100182,3,ACC0182M2,ACC0182M3,18035.58,8,2026-09-20 20:15:07
HOP0547,CMP100183,1,ACC0183V,ACC0183M1,16278.37,5,2026-07-22 08:04:07
HOP0548,CMP100183,2,ACC0183M1,ACC0183M2,15421.62,12,2026-07-22 08:21:07
HOP0549,CMP100183,3,ACC0183M2,ACC0183M3,14564.86,8,2026-07-22 08:29:07
HOP0550,CMP100184,1,ACC0184V,ACC0184M1,76953.56,5,2026-07-08 08:45:07
HOP0551,CMP100184,2,ACC0184M1,ACC0184M2,72903.38,12,2026-07-08 09:02:07
HOP0552,CMP100184,3,ACC0184M2,ACC0184M3,68853.19,8,2026-07-08 09:10:07
HOP0553,CMP100185,1,ACC0185V,ACC0185M1,37987.87,5,2026-09-09 09:55:07
HOP0554,CMP100185,2,ACC0185M1,ACC0185M2,35988.51,12,2026-09-09 10:12:07
HOP0555,CMP100185,3,ACC0185M2,ACC0185M3,33989.15,8,2026-09-09 10:20:07
HOP0556,CMP100186,1,ACC0186V,ACC0186M1,97001.87,5,2026-07-11 22:55:07
HOP0557,CMP100186,2,ACC0186M1,ACC0186M2,91896.51,12,2026-07-11 23:12:07
HOP0558,CMP100186,3,ACC0186M2,ACC0186M3,86791.15,8,2026-07-11 23:20:07
HOP0559,CMP100187,1,ACC0187V,ACC0187M1,76246.18,5,2026-09-13 00:48:07
HOP0560,CMP100187,2,ACC0187M1,ACC0187M2,72233.23,12,2026-09-13 01:05:07
HOP0561,CMP100187,3,ACC0187M2,ACC0187M3,68220.27,8,2026-09-13 01:13:07
HOP0562,CMP100188,1,ACC0188V,ACC0188M1,44163.59,5,2026-06-07 12:21:07
HOP0563,CMP100188,2,ACC0188M1,ACC0188M2,41839.19,12,2026-06-07 12:38:07
HOP0564,CMP100188,3,ACC0188M2,ACC0188M3,39514.79,8,2026-06-07 12:46:07
HOP0565,CMP100189,1,ACC0189V,ACC0189M1,20367.41,5,2026-09-23 21:49:07
HOP0566,CMP100189,2,ACC0189M1,ACC0189M2,19295.44,12,2026-09-23 22:06:07
HOP0567,CMP100189,3,ACC0189M2,ACC0189M3,18223.47,8,2026-09-23 22:14:07
HOP0568,CMP100190,1,ACC0190V,ACC0190M1,10442.49,5,2026-03-31 05:36:07
HOP0569,CMP100190,2,ACC0190M1,ACC0190M2,9892.88,12,2026-03-31 05:53:07
HOP0570,CMP100190,3,ACC0190M2,ACC0190M3,9343.28,8,2026-03-31 06:01:07
HOP0571,CMP100191,1,ACC0191V,ACC0191M1,30393.07,5,2026-09-07 16:00:07
HOP0572,CMP100191,2,ACC0191M1,ACC0191M2,28793.44,12,2026-09-07 16:17:07
HOP0573,CMP100191,3,ACC0191M2,ACC0191M3,27193.8,8,2026-09-07 16:25:07
HOP0574,CMP100192,1,ACC0192V,ACC0192M1,111846.63,5,2026-09-16 18:58:07
HOP0575,CMP100192,2,ACC0192M1,ACC0192M2,105959.96,12,2026-09-16 19:15:07
HOP0576,CMP100192,3,ACC0192M2,ACC0192M3,100073.3,8,2026-09-16 19:23:07
HOP0577,CMP100193,1,ACC0193V,ACC0193M1,58840.09,5,2026-09-02 17:27:07
HOP0578,CMP100193,2,ACC0193M1,ACC0193M2,55743.25,12,2026-09-02 17:44:07
HOP0579,CMP100193,3,ACC0193M2,ACC0193M3,52646.4,8,2026-09-02 17:52:07
HOP0580,CMP100194,1,ACC0194V,ACC0194M1,13667.09,5,2026-07-04 07:25:07
HOP0581,CMP100194,2,ACC0194M1,ACC0194M2,12947.77,12,2026-07-04 07:42:07
HOP0582,CMP100194,3,ACC0194M2,ACC0194M3,12228.45,8,2026-07-04 07:50:07
HOP0583,CMP100195,1,ACC0195V,ACC0195M1,56481.36,5,2026-07-12 03:01:07
HOP0584,CMP100195,2,ACC0195M1,ACC0195M2,53508.65,12,2026-07-12 03:18:07
HOP0585,CMP100195,3,ACC0195M2,ACC0195M3,50535.95,8,2026-07-12 03:26:07
HOP0586,CMP100196,1,ACC0196V,ACC0196M1,69828.84,5,2026-07-28 23:38:07
HOP0587,CMP100196,2,ACC0196M1,ACC0196M2,66153.64,12,2026-07-28 23:55:07
HOP0588,CMP100196,3,ACC0196M2,ACC0196M3,62478.43,8,2026-07-29 00:03:07
HOP0589,CMP100197,1,ACC0197V,ACC0197M1,19626.33,5,2026-09-14 19:04:07
HOP0590,CMP100197,2,ACC0197M1,ACC0197M2,18593.37,12,2026-09-14 19:21:07
HOP0591,CMP100197,3,ACC0197M2,ACC0197M3,17560.4,8,2026-09-14 19:29:07
HOP0592,CMP100198,1,ACC0198V,ACC0198M1,55393.08,5,2026-03-30 05:30:07
HOP0593,CMP100198,2,ACC0198M1,ACC0198M2,52477.66,12,2026-03-30 05:47:07
HOP0594,CMP100198,3,ACC0198M2,ACC0198M3,49562.23,8,2026-03-30 05:55:07
HOP0595,CMP100199,1,ACC0199V,ACC0199M1,50346.97,5,2026-06-19 16:34:07
HOP0596,CMP100199,2,ACC0199M1,ACC0199M2,47697.13,12,2026-06-19 16:51:07
HOP0597,CMP100199,3,ACC0199M2,ACC0199M3,45047.29,8,2026-06-19 16:59:07
HOP0598,CMP100200,1,ACC0200V,ACC0200M1,15146.34,5,2026-08-20 22:36:07
HOP0599,CMP100200,2,ACC0200M1,ACC0200M2,14349.17,12,2026-08-20 22:53:07
HOP0600,CMP100200,3,ACC0200M2,ACC0200M3,13551.99,8,2026-08-20 23:01:07
HOP0601,CMP100201,1,ACC0201V,ACC0201M1,67932.67,5,2026-04-06 02:06:07
HOP0602,CMP100201,2,ACC0201M1,ACC0201M2,64357.26,12,2026-04-06 02:23:07
HOP0603,CMP100201,3,ACC0201M2,ACC0201M3,60781.86,8,2026-04-06 02:31:07
HOP0604,CMP100202,1,ACC0202V,ACC0202M1,83222.2,5,2026-06-28 10:23:07
HOP0605,CMP100202,2,ACC0202M1,ACC0202M2,78842.09,12,2026-06-28 10:40:07
HOP0606,CMP100202,3,ACC0202M2,ACC0202M3,74461.97,8,2026-06-28 10:48:07
HOP0607,CMP100203,1,ACC0203V,ACC0203M1,140299.71,5,2026-09-11 15:31:07
HOP0608,CMP100203,2,ACC0203M1,ACC0203M2,132915.52,12,2026-09-11 15:48:07
HOP0609,CMP100203,3,ACC0203M2,ACC0203M3,125531.32,8,2026-09-11 15:56:07
HOP0610,CMP100204,1,ACC0204V,ACC0204M1,136255.5,5,2026-05-08 23:39:07
HOP0611,CMP100204,2,ACC0204M1,ACC0204M2,129084.16,12,2026-05-08 23:56:07
HOP0612,CMP100204,3,ACC0204M2,ACC0204M3,121912.81,8,2026-05-09 00:04:07
HOP0613,CMP100205,1,ACC0205V,ACC0205M1,11977.87,5,2026-05-15 06:52:07
HOP0614,CMP100205,2,ACC0205M1,ACC0205M2,11347.45,12,2026-05-15 07:09:07
HOP0615,CMP100205,3,ACC0205M2,ACC0205M3,10717.04,8,2026-05-15 07:17:07
HOP0616,CMP100206,1,ACC0206V,ACC0206M1,18595.22,5,2026-08-01 09:04:07
HOP0617,CMP100206,2,ACC0206M1,ACC0206M2,17616.53,12,2026-08-01 09:21:07
HOP0618,CMP100206,3,ACC0206M2,ACC0206M3,16637.83,8,2026-08-01 09:29:07
HOP0619,CMP100207,1,ACC0207V,ACC0207M1,79500.64,5,2026-04-22 21:13:07
HOP0620,CMP100207,2,ACC0207M1,ACC0207M2,75316.39,12,2026-04-22 21:30:07
HOP0621,CMP100207,3,ACC0207M2,ACC0207M3,71132.15,8,2026-04-22 21:38:07
HOP0622,CMP100208,1,ACC0208V,ACC0208M1,79401.37,5,2026-06-22 17:59:07
HOP0623,CMP100208,2,ACC0208M1,ACC0208M2,75222.35,12,2026-06-22 18:16:07
HOP0624,CMP100208,3,ACC0208M2,ACC0208M3,71043.33,8,2026-06-22 18:24:07
HOP0625,CMP100209,1,ACC0209V,ACC0209M1,79501.62,5,2026-05-17 15:10:07
HOP0626,CMP100209,2,ACC0209M1,ACC0209M2,75317.33,12,2026-05-17 15:27:07
HOP0627,CMP100209,3,ACC0209M2,ACC0209M3,71133.03,8,2026-05-17 15:35:07
HOP0628,CMP100210,1,ACC0210V,ACC0210M1,950000.0,5,2026-08-18 00:08:07
HOP0629,CMP100210,2,ACC0210M1,ACC0210M2,900000.0,12,2026-08-18 00:25:07
HOP0630,CMP100210,3,ACC0210M2,ACC0210M3,850000.0,8,2026-08-18 00:33:07
HOP0631,CMP100211,1,ACC0211V,ACC0211M1,84067.51,5,2026-04-02 20:40:07
HOP0632,CMP100211,2,ACC0211M1,ACC0211M2,79642.91,12,2026-04-02 20:57:07
HOP0633,CMP100211,3,ACC0211M2,ACC0211M3,75218.3,8,2026-04-02 21:05:07
HOP0634,CMP100212,1,ACC0212V,ACC0212M1,147864.36,5,2026-05-19 01:33:07
HOP0635,CMP100212,2,ACC0212M1,ACC0212M2,140082.02,12,2026-05-19 01:50:07
HOP0636,CMP100212,3,ACC0212M2,ACC0212M3,132299.69,8,2026-05-19 01:58:07
HOP0637,CMP100213,1,ACC0213V,ACC0213M1,123313.7,5,2026-09-21 05:34:07
HOP0638,CMP100213,2,ACC0213M1,ACC0213M2,116823.5,12,2026-09-21 05:51:07
HOP0639,CMP100213,3,ACC0213M2,ACC0213M3,110333.31,8,2026-09-21 05:59:07
HOP0640,CMP100214,1,ACC0214V,ACC0214M1,91114.86,5,2026-09-01 23:24:07
HOP0641,CMP100214,2,ACC0214M1,ACC0214M2,86319.34,12,2026-09-01 23:41:07
HOP0642,CMP100214,3,ACC0214M2,ACC0214M3,81523.82,8,2026-09-01 23:49:07
HOP0643,CMP100215,1,ACC0215V,ACC0215M1,34655.64,5,2026-07-19 14:14:07
HOP0644,CMP100215,2,ACC0215M1,ACC0215M2,32831.66,12,2026-07-19 14:31:07
HOP0645,CMP100215,3,ACC0215M2,ACC0215M3,31007.68,8,2026-07-19 14:39:07
HOP0646,CMP100216,1,ACC0216V,ACC0216M1,101463.48,5,2026-08-16 16:39:07
HOP0647,CMP100216,2,ACC0216M1,ACC0216M2,96123.29,12,2026-08-16 16:56:07
HOP0648,CMP100216,3,ACC0216M2,ACC0216M3,90783.11,8,2026-08-16 17:04:07
HOP0649,CMP100217,1,ACC0217V,ACC0217M1,21931.07,5,2026-08-26 10:20:07
HOP0650,CMP100217,2,ACC0217M1,ACC0217M2,20776.81,12,2026-08-26 10:37:07
HOP0651,CMP100217,3,ACC0217M2,ACC0217M3,19622.54,8,2026-08-26 10:45:07
HOP0652,CMP100218,1,ACC0218V,ACC0218M1,37483.88,5,2026-08-07 11:21:07
HOP0653,CMP100218,2,ACC0218M1,ACC0218M2,35511.05,12,2026-08-07 11:38:07
HOP0654,CMP100218,3,ACC0218M2,ACC0218M3,33538.21,8,2026-08-07 11:46:07
HOP0655,CMP100219,1,ACC0219V,ACC0219M1,29234.99,5,2026-09-12 18:52:07
HOP0656,CMP100219,2,ACC0219M1,ACC0219M2,27696.3,12,2026-09-12 19:09:07
HOP0657,CMP100219,3,ACC0219M2,ACC0219M3,26157.62,8,2026-09-12 19:17:07
HOP0658,CMP100220,1,ACC0220V,ACC0220M1,51552.66,5,2026-07-19 16:28:07
HOP0659,CMP100220,2,ACC0220M1,ACC0220M2,48839.36,12,2026-07-19 16:45:07
HOP0660,CMP100220,3,ACC0220M2,ACC0220M3,46126.07,8,2026-07-19 16:53:07
HOP0661,CMP100221,1,ACC0221V,ACC0221M1,480769.66,5,2026-04-03 01:23:07
HOP0662,CMP100221,2,ACC0221M1,ACC0221M2,455466.0,12,2026-04-03 01:40:07
HOP0663,CMP100221,3,ACC0221M2,ACC0221M3,430162.33,8,2026-04-03 01:48:07
HOP0664,CMP100222,1,ACC0222V,ACC0222M1,7340.93,5,2026-08-05 10:37:07
HOP0665,CMP100222,2,ACC0222M1,ACC0222M2,6954.56,12,2026-08-05 10:54:07
HOP0666,CMP100222,3,ACC0222M2,ACC0222M3,6568.2,8,2026-08-05 11:02:07
HOP0667,CMP100223,1,ACC0223V,ACC0223M1,94347.99,5,2026-08-12 07:27:07
HOP0668,CMP100223,2,ACC0223M1,ACC0223M2,89382.3,12,2026-08-12 07:44:07
HOP0669,CMP100223,3,ACC0223M2,ACC0223M3,84416.62,8,2026-08-12 07:52:07
HOP0670,CMP100224,1,ACC0224V,ACC0224M1,9468.91,5,2026-04-14 09:42:07
HOP0671,CMP100224,2,ACC0224M1,ACC0224M2,8970.54,12,2026-04-14 09:59:07
HOP0672,CMP100224,3,ACC0224M2,ACC0224M3,8472.18,8,2026-04-14 10:07:07
HOP0673,CMP100225,1,ACC0225V,ACC0225M1,29630.31,5,2026-07-15 18:32:07
HOP0674,CMP100225,2,ACC0225M1,ACC0225M2,28070.82,12,2026-07-15 18:49:07
HOP0675,CMP100225,3,ACC0225M2,ACC0225M3,26511.33,8,2026-07-15 18:57:07
HOP0676,CMP100226,1,ACC0226V,ACC0226M1,141129.83,5,2026-08-02 11:49:07
HOP0677,CMP100226,2,ACC0226M1,ACC0226M2,133701.95,12,2026-08-02 12:06:07
HOP0678,CMP100226,3,ACC0226M2,ACC0226M3,126274.06,8,2026-08-02 12:14:07
HOP0679,CMP100227,1,ACC0227V,ACC0227M1,50653.57,5,2026-08-10 15:39:07
HOP0680,CMP100227,2,ACC0227M1,ACC0227M2,47987.6,12,2026-08-10 15:56:07
HOP0681,CMP100227,3,ACC0227M2,ACC0227M3,45321.62,8,2026-08-10 16:04:07
HOP0682,CMP100228,1,ACC0228V,ACC0228M1,16167.2,5,2026-04-27 09:31:07
HOP0683,CMP100228,2,ACC0228M1,ACC0228M2,15316.3,12,2026-04-27 09:48:07
HOP0684,CMP100228,3,ACC0228M2,ACC0228M3,14465.39,8,2026-04-27 09:56:07
HOP0685,CMP100229,1,ACC0229V,ACC0229M1,23229.57,5,2026-07-11 05:25:07
HOP0686,CMP100229,2,ACC0229M1,ACC0229M2,22006.96,12,2026-07-11 05:42:07
HOP0687,CMP100229,3,ACC0229M2,ACC0229M3,20784.35,8,2026-07-11 05:50:07
HOP0688,CMP100230,1,ACC0230V,ACC0230M1,93721.48,5,2026-09-15 03:25:07
HOP0689,CMP100230,2,ACC0230M1,ACC0230M2,88788.77,12,2026-09-15 03:42:07
HOP0690,CMP100230,3,ACC0230M2,ACC0230M3,83856.06,8,2026-09-15 03:50:07
HOP0691,CMP100231,1,ACC0231V,ACC0231M1,22882.29,5,2026-08-22 23:52:07
HOP0692,CMP100231,2,ACC0231M1,ACC0231M2,21677.96,12,2026-08-23 00:09:07
HOP0693,CMP100231,3,ACC0231M2,ACC0231M3,20473.63,8,2026-08-23 00:17:07
HOP0694,CMP100232,1,ACC0232V,ACC0232M1,58979.4,5,2026-06-16 23:59:07
HOP0695,CMP100232,2,ACC0232M1,ACC0232M2,55875.22,12,2026-06-17 00:16:07
HOP0696,CMP100232,3,ACC0232M2,ACC0232M3,52771.04,8,2026-06-17 00:24:07
HOP0697,CMP100233,1,ACC0233V,ACC0233M1,49714.74,5,2026-05-09 08:51:07
HOP0698,CMP100233,2,ACC0233M1,ACC0233M2,47098.18,12,2026-05-09 09:08:07
HOP0699,CMP100233,3,ACC0233M2,ACC0233M3,44481.61,8,2026-05-09 09:16:07
HOP0700,CMP100234,1,ACC0234V,ACC0234M1,24757.52,5,2026-07-23 22:53:07
HOP0701,CMP100234,2,ACC0234M1,ACC0234M2,23454.49,12,2026-07-23 23:10:07
HOP0702,CMP100234,3,ACC0234M2,ACC0234M3,22151.47,8,2026-07-23 23:18:07
HOP0703,CMP100235,1,ACC0235V,ACC0235M1,405318.75,5,2026-08-11 14:47:07
HOP0704,CMP100235,2,ACC0235M1,ACC0235M2,383986.19,12,2026-08-11 15:04:07
HOP0705,CMP100235,3,ACC0235M2,ACC0235M3,362653.62,8,2026-08-11 15:12:07
HOP0706,CMP100236,1,ACC0236V,ACC0236M1,89536.71,5,2026-08-25 15:29:07
HOP0707,CMP100236,2,ACC0236M1,ACC0236M2,84824.25,12,2026-08-25 15:46:07
HOP0708,CMP100236,3,ACC0236M2,ACC0236M3,80111.79,8,2026-08-25 15:54:07
HOP0709,CMP100237,1,ACC0237V,ACC0237M1,6268.81,5,2026-08-25 08:25:07
HOP0710,CMP100237,2,ACC0237M1,ACC0237M2,5938.88,12,2026-08-25 08:42:07
HOP0711,CMP100237,3,ACC0237M2,ACC0237M3,5608.94,8,2026-08-25 08:50:07
HOP0712,CMP100238,1,ACC0238V,ACC0238M1,57236.06,5,2026-09-12 16:25:07
HOP0713,CMP100238,2,ACC0238M1,ACC0238M2,54223.63,12,2026-09-12 16:42:07
HOP0714,CMP100238,3,ACC0238M2,ACC0238M3,51211.21,8,2026-09-12 16:50:07
HOP0715,CMP100239,1,ACC0239V,ACC0239M1,24506.62,5,2026-07-28 19:33:07
HOP0716,CMP100239,2,ACC0239M1,ACC0239M2,23216.8,12,2026-07-28 19:50:07
HOP0717,CMP100239,3,ACC0239M2,ACC0239M3,21926.97,8,2026-07-28 19:58:07
HOP0718,CMP100240,1,ACC0240V,ACC0240M1,111403.98,5,2026-07-05 00:29:07
HOP0719,CMP100240,2,ACC0240M1,ACC0240M2,105540.62,12,2026-07-05 00:46:07
HOP0720,CMP100240,3,ACC0240M2,ACC0240M3,99677.25,8,2026-07-05 00:54:07
HOP0721,CMP100241,1,ACC0241V,ACC0241M1,21503.35,5,2026-07-02 04:55:07
HOP0722,CMP100241,2,ACC0241M1,ACC0241M2,20371.6,12,2026-07-02 05:12:07
HOP0723,CMP100241,3,ACC0241M2,ACC0241M3,19239.84,8,2026-07-02 05:20:07
HOP0724,CMP100242,1,ACC0242V,ACC0242M1,42351.06,5,2026-06-25 20:02:07
HOP0725,CMP100242,2,ACC0242M1,ACC0242M2,40122.05,12,2026-06-25 20:19:07
HOP0726,CMP100242,3,ACC0242M2,ACC0242M3,37893.05,8,2026-06-25 20:27:07
HOP0727,CMP100243,1,ACC0243V,ACC0243M1,78705.81,5,2026-05-20 12:42:07
HOP0728,CMP100243,2,ACC0243M1,ACC0243M2,74563.4,12,2026-05-20 12:59:07
HOP0729,CMP100243,3,ACC0243M2,ACC0243M3,70420.99,8,2026-05-20 13:07:07
HOP0730,CMP100244,1,ACC0244V,ACC0244M1,112898.02,5,2026-07-29 06:01:07
HOP0731,CMP100244,2,ACC0244M1,ACC0244M2,106956.02,12,2026-07-29 06:18:07
HOP0732,CMP100244,3,ACC0244M2,ACC0244M3,101014.02,8,2026-07-29 06:26:07
HOP0733,CMP100245,1,ACC0245V,ACC0245M1,14302.49,5,2026-05-01 05:03:07
HOP0734,CMP100245,2,ACC0245M1,ACC0245M2,13549.73,12,2026-05-01 05:20:07
HOP0735,CMP100245,3,ACC0245M2,ACC0245M3,12796.96,8,2026-05-01 05:28:07
HOP0736,CMP100246,1,ACC0246V,ACC0246M1,33995.51,5,2026-09-12 17:36:07
HOP0737,CMP100246,2,ACC0246M1,ACC0246M2,32206.28,12,2026-09-12 17:53:07
HOP0738,CMP100246,3,ACC0246M2,ACC0246M3,30417.04,8,2026-09-12 18:01:07
HOP0739,CMP100247,1,ACC0247V,ACC0247M1,29541.15,5,2026-08-23 14:10:07
HOP0740,CMP100247,2,ACC0247M1,ACC0247M2,27986.35,12,2026-08-23 14:27:07
HOP0741,CMP100247,3,ACC0247M2,ACC0247M3,26431.56,8,2026-08-23 14:35:07
HOP0742,CMP100248,1,ACC0248V,ACC0248M1,24714.75,5,2026-07-01 20:39:07
HOP0743,CMP100248,2,ACC0248M1,ACC0248M2,23413.98,12,2026-07-01 20:56:07
HOP0744,CMP100248,3,ACC0248M2,ACC0248M3,22113.2,8,2026-07-01 21:04:07
HOP0745,CMP100249,1,ACC0249V,ACC0249M1,277600.75,5,2026-05-12 00:28:07
HOP0746,CMP100249,2,ACC0249M1,ACC0249M2,262990.19,12,2026-05-12 00:45:07
HOP0747,CMP100249,3,ACC0249M2,ACC0249M3,248379.62,8,2026-05-12 00:53:07
HOP0748,CMP100250,1,ACC0250V,ACC0250M1,71215.56,5,2026-08-29 02:23:07
HOP0749,CMP100250,2,ACC0250M1,ACC0250M2,67467.38,12,2026-08-29 02:40:07
HOP0750,CMP100250,3,ACC0250M2,ACC0250M3,63719.19,8,2026-08-29 02:48:07
HOP0751,CMP100251,1,ACC0251V,ACC0251M1,13461.66,5,2026-07-02 20:08:07
HOP0752,CMP100251,2,ACC0251M1,ACC0251M2,12753.15,12,2026-07-02 20:25:07
HOP0753,CMP100251,3,ACC0251M2,ACC0251M3,12044.64,8,2026-07-02 20:33:07
HOP0754,CMP100252,1,ACC0252V,ACC0252M1,118936.73,5,2026-05-31 14:31:07
HOP0755,CMP100252,2,ACC0252M1,ACC0252M2,112676.9,12,2026-05-31 14:48:07
HOP0756,CMP100252,3,ACC0252M2,ACC0252M3,106417.08,8,2026-05-31 14:56:07
HOP0757,CMP100253,1,ACC0253V,ACC0253M1,396583.22,5,2026-06-27 11:40:07
HOP0758,CMP100253,2,ACC0253M1,ACC0253M2,375710.42,12,2026-06-27 11:57:07
HOP0759,CMP100253,3,ACC0253M2,ACC0253M3,354837.62,8,2026-06-27 12:05:07
HOP0760,CMP100254,1,ACC0254V,ACC0254M1,133379.04,5,2026-09-17 21:19:07
HOP0761,CMP100254,2,ACC0254M1,ACC0254M2,126359.09,12,2026-09-17 21:36:07
HOP0762,CMP100254,3,ACC0254M2,ACC0254M3,119339.14,8,2026-09-17 21:44:07
HOP0763,CMP100255,1,ACC0255V,ACC0255M1,10395.37,5,2026-05-30 18:07:07
HOP0764,CMP100255,2,ACC0255M1,ACC0255M2,9848.24,12,2026-05-30 18:24:07
HOP0765,CMP100255,3,ACC0255M2,ACC0255M3,9301.12,8,2026-05-30 18:32:07
HOP0766,CMP100256,1,ACC0256V,ACC0256M1,29268.03,5,2026-05-21 00:56:07
HOP0767,CMP100256,2,ACC0256M1,ACC0256M2,27727.6,12,2026-05-21 01:13:07
HOP0768,CMP100256,3,ACC0256M2,ACC0256M3,26187.18,8,2026-05-21 01:21:07
HOP0769,CMP100257,1,ACC0257V,ACC0257M1,168618.85,5,2026-07-26 03:58:07
HOP0770,CMP100257,2,ACC0257M1,ACC0257M2,159744.18,12,2026-07-26 04:15:07
HOP0771,CMP100257,3,ACC0257M2,ACC0257M3,150869.5,8,2026-07-26 04:23:07
HOP0772,CMP100258,1,ACC0258V,ACC0258M1,23407.59,5,2026-09-01 05:04:07
HOP0773,CMP100258,2,ACC0258M1,ACC0258M2,22175.61,12,2026-09-01 05:21:07
HOP0774,CMP100258,3,ACC0258M2,ACC0258M3,20943.63,8,2026-09-01 05:29:07
HOP0775,CMP100259,1,ACC0259V,ACC0259M1,74035.83,5,2026-09-12 00:49:07
HOP0776,CMP100259,2,ACC0259M1,ACC0259M2,70139.21,12,2026-09-12 01:06:07
HOP0777,CMP100259,3,ACC0259M2,ACC0259M3,66242.58,8,2026-09-12 01:14:07
HOP0778,CMP100260,1,ACC0260V,ACC0260M1,103065.4,5,2026-06-27 16:12:07
HOP0779,CMP100260,2,ACC0260M1,ACC0260M2,97640.91,12,2026-06-27 16:29:07
HOP0780,CMP100260,3,ACC0260M2,ACC0260M3,92216.41,8,2026-06-27 16:37:07
HOP0781,CMP100261,1,ACC0261V,ACC0261M1,18798.91,5,2026-08-06 09:18:07
HOP0782,CMP100261,2,ACC0261M1,ACC0261M2,17809.5,12,2026-08-06 09:35:07
HOP0783,CMP100261,3,ACC0261M2,ACC0261M3,16820.08,8,2026-08-06 09:43:07
HOP0784,CMP100262,1,ACC0262V,ACC0262M1,44755.05,5,2026-07-21 21:07:07
HOP0785,CMP100262,2,ACC0262M1,ACC0262M2,42399.52,12,2026-07-21 21:24:07
HOP0786,CMP100262,3,ACC0262M2,ACC0262M3,40043.99,8,2026-07-21 21:32:07
HOP0787,CMP100263,1,ACC0263V,ACC0263M1,4750.0,5,2026-06-22 12:22:07
HOP0788,CMP100263,2,ACC0263M1,ACC0263M2,4500.0,12,2026-06-22 12:39:07
HOP0789,CMP100263,3,ACC0263M2,ACC0263M3,4250.0,8,2026-06-22 12:47:07
HOP0790,CMP100264,1,ACC0264V,ACC0264M1,17053.27,5,2026-05-28 19:20:07
HOP0791,CMP100264,2,ACC0264M1,ACC0264M2,16155.73,12,2026-05-28 19:37:07
HOP0792,CMP100264,3,ACC0264M2,ACC0264M3,15258.19,8,2026-05-28 19:45:07
HOP0793,CMP100265,1,ACC0265V,ACC0265M1,36898.15,5,2026-09-05 16:14:07
HOP0794,CMP100265,2,ACC0265M1,ACC0265M2,34956.14,12,2026-09-05 16:31:07
HOP0795,CMP100265,3,ACC0265M2,ACC0265M3,33014.14,8,2026-09-05 16:39:07
HOP0796,CMP100266,1,ACC0266V,ACC0266M1,13639.18,5,2026-04-19 21:14:07
HOP0797,CMP100266,2,ACC0266M1,ACC0266M2,12921.33,12,2026-04-19 21:31:07
HOP0798,CMP100266,3,ACC0266M2,ACC0266M3,12203.48,8,2026-04-19 21:39:07
HOP0799,CMP100267,1,ACC0267V,ACC0267M1,243019.34,5,2026-05-13 08:14:07
HOP0800,CMP100267,2,ACC0267M1,ACC0267M2,230228.85,12,2026-05-13 08:31:07
HOP0801,CMP100267,3,ACC0267M2,ACC0267M3,217438.36,8,2026-05-13 08:39:07
HOP0802,CMP100268,1,ACC0268V,ACC0268M1,11365.56,5,2026-05-17 16:24:07
HOP0803,CMP100268,2,ACC0268M1,ACC0268M2,10767.38,12,2026-05-17 16:41:07
HOP0804,CMP100268,3,ACC0268M2,ACC0268M3,10169.19,8,2026-05-17 16:49:07
HOP0805,CMP100269,1,ACC0269V,ACC0269M1,30590.37,5,2026-08-12 10:25:07
HOP0806,CMP100269,2,ACC0269M1,ACC0269M2,28980.35,12,2026-08-12 10:42:07
HOP0807,CMP100269,3,ACC0269M2,ACC0269M3,27370.33,8,2026-08-12 10:50:07
HOP0808,CMP100270,1,ACC0270V,ACC0270M1,54134.42,5,2026-07-06 16:19:07
HOP0809,CMP100270,2,ACC0270M1,ACC0270M2,51285.24,12,2026-07-06 16:36:07
HOP0810,CMP100270,3,ACC0270M2,ACC0270M3,48436.06,8,2026-07-06 16:44:07
HOP0811,CMP100271,1,ACC0271V,ACC0271M1,200738.49,5,2026-07-06 06:20:07
HOP0812,CMP100271,2,ACC0271M1,ACC0271M2,190173.3,12,2026-07-06 06:37:07
HOP0813,CMP100271,3,ACC0271M2,ACC0271M3,179608.12,8,2026-07-06 06:45:07
HOP0814,CMP100272,1,ACC0272V,ACC0272M1,11300.73,5,2026-07-03 02:37:07
HOP0815,CMP100272,2,ACC0272M1,ACC0272M2,10705.96,12,2026-07-03 02:54:07
HOP0816,CMP100272,3,ACC0272M2,ACC0272M3,10111.18,8,2026-07-03 03:02:07
HOP0817,CMP100273,1,ACC0273V,ACC0273M1,152001.97,5,2026-07-26 03:52:07
HOP0818,CMP100273,2,ACC0273M1,ACC0273M2,144001.86,12,2026-07-26 04:09:07
HOP0819,CMP100273,3,ACC0273M2,ACC0273M3,136001.76,8,2026-07-26 04:17:07
HOP0820,CMP100274,1,ACC0274V,ACC0274M1,47988.57,5,2026-07-20 14:07:07
HOP0821,CMP100274,2,ACC0274M1,ACC0274M2,45462.85,12,2026-07-20 14:24:07
HOP0822,CMP100274,3,ACC0274M2,ACC0274M3,42937.14,8,2026-07-20 14:32:07
HOP0823,CMP100275,1,ACC0275V,ACC0275M1,17800.41,5,2026-07-02 14:40:07
HOP0824,CMP100275,2,ACC0275M1,ACC0275M2,16863.54,12,2026-07-02 14:57:07
HOP0825,CMP100275,3,ACC0275M2,ACC0275M3,15926.68,8,2026-07-02 15:05:07
HOP0826,CMP100276,1,ACC0276V,ACC0276M1,75401.96,5,2026-07-29 17:47:07
HOP0827,CMP100276,2,ACC0276M1,ACC0276M2,71433.43,12,2026-07-29 18:04:07
HOP0828,CMP100276,3,ACC0276M2,ACC0276M3,67464.91,8,2026-07-29 18:12:07
HOP0829,CMP100277,1,ACC0277V,ACC0277M1,57962.1,5,2026-07-27 04:37:07
HOP0830,CMP100277,2,ACC0277M1,ACC0277M2,54911.47,12,2026-07-27 04:54:07
HOP0831,CMP100277,3,ACC0277M2,ACC0277M3,51860.83,8,2026-07-27 05:02:07
HOP0832,CMP100278,1,ACC0278V,ACC0278M1,26062.9,5,2026-07-10 11:53:07
HOP0833,CMP100278,2,ACC0278M1,ACC0278M2,24691.17,12,2026-07-10 12:10:07
HOP0834,CMP100278,3,ACC0278M2,ACC0278M3,23319.44,8,2026-07-10 12:18:07
HOP0835,CMP100279,1,ACC0279V,ACC0279M1,50934.06,5,2026-07-19 10:55:07
HOP0836,CMP100279,2,ACC0279M1,ACC0279M2,48253.32,12,2026-07-19 11:12:07
HOP0837,CMP100279,3,ACC0279M2,ACC0279M3,45572.58,8,2026-07-19 11:20:07
HOP0838,CMP100280,1,ACC0280V,ACC0280M1,32311.27,5,2026-04-14 10:41:07
HOP0839,CMP100280,2,ACC0280M1,ACC0280M2,30610.67,12,2026-04-14 10:58:07
HOP0840,CMP100280,3,ACC0280M2,ACC0280M3,28910.08,8,2026-04-14 11:06:07
HOP0841,CMP100281,1,ACC0281V,ACC0281M1,53210.04,5,2026-07-18 20:18:07
HOP0842,CMP100281,2,ACC0281M1,ACC0281M2,50409.51,12,2026-07-18 20:35:07
HOP0843,CMP100281,3,ACC0281M2,ACC0281M3,47608.98,8,2026-07-18 20:43:07
HOP0844,CMP100282,1,ACC0282V,ACC0282M1,92098.66,5,2026-09-23 07:36:07
HOP0845,CMP100282,2,ACC0282M1,ACC0282M2,87251.36,12,2026-09-23 07:53:07
HOP0846,CMP100282,3,ACC0282M2,ACC0282M3,82404.07,8,2026-09-23 08:01:07
HOP0847,CMP100283,1,ACC0283V,ACC0283M1,232002.12,5,2026-07-07 01:19:07
HOP0848,CMP100283,2,ACC0283M1,ACC0283M2,219791.48,12,2026-07-07 01:36:07
HOP0849,CMP100283,3,ACC0283M2,ACC0283M3,207580.85,8,2026-07-07 01:44:07
HOP0850,CMP100284,1,ACC0284V,ACC0284M1,13775.81,5,2026-06-07 23:11:07
HOP0851,CMP100284,2,ACC0284M1,ACC0284M2,13050.77,12,2026-06-07 23:28:07
HOP0852,CMP100284,3,ACC0284M2,ACC0284M3,12325.72,8,2026-06-07 23:36:07
HOP0853,CMP100285,1,ACC0285V,ACC0285M1,400920.47,5,2026-07-25 02:30:07
HOP0854,CMP100285,2,ACC0285M1,ACC0285M2,379819.4,12,2026-07-25 02:47:07
HOP0855,CMP100285,3,ACC0285M2,ACC0285M3,358718.32,8,2026-07-25 02:55:07
HOP0856,CMP100286,1,ACC0286V,ACC0286M1,6743.93,5,2026-08-09 05:11:07
HOP0857,CMP100286,2,ACC0286M1,ACC0286M2,6388.98,12,2026-08-09 05:28:07
HOP0858,CMP100286,3,ACC0286M2,ACC0286M3,6034.04,8,2026-08-09 05:36:07
HOP0859,CMP100287,1,ACC0287V,ACC0287M1,40810.72,5,2026-07-10 16:40:07
HOP0860,CMP100287,2,ACC0287M1,ACC0287M2,38662.79,12,2026-07-10 16:57:07
HOP0861,CMP100287,3,ACC0287M2,ACC0287M3,36514.85,8,2026-07-10 17:05:07
HOP0862,CMP100288,1,ACC0288V,ACC0288M1,85545.37,5,2026-09-20 00:19:07
HOP0863,CMP100288,2,ACC0288M1,ACC0288M2,81042.98,12,2026-09-20 00:36:07
HOP0864,CMP100288,3,ACC0288M2,ACC0288M3,76540.6,8,2026-09-20 00:44:07
HOP0865,CMP100289,1,ACC0289V,ACC0289M1,62911.03,5,2026-08-14 19:43:07
HOP0866,CMP100289,2,ACC0289M1,ACC0289M2,59599.93,12,2026-08-14 20:00:07
HOP0867,CMP100289,3,ACC0289M2,ACC0289M3,56288.82,8,2026-08-14 20:08:07
HOP0868,CMP100290,1,ACC0290V,ACC0290M1,25483.47,5,2026-04-16 22:11:07
HOP0869,CMP100290,2,ACC0290M1,ACC0290M2,24142.24,12,2026-04-16 22:28:07
HOP0870,CMP100290,3,ACC0290M2,ACC0290M3,22801.0,8,2026-04-16 22:36:07
HOP0871,CMP100291,1,ACC0291V,ACC0291M1,38575.12,5,2026-04-13 13:39:07
HOP0872,CMP100291,2,ACC0291M1,ACC0291M2,36544.85,12,2026-04-13 13:56:07
HOP0873,CMP100291,3,ACC0291M2,ACC0291M3,34514.58,8,2026-04-13 14:04:07
HOP0874,CMP100292,1,ACC0292V,ACC0292M1,29012.55,5,2026-03-31 12:34:07
HOP0875,CMP100292,2,ACC0292M1,ACC0292M2,27485.58,12,2026-03-31 12:51:07
HOP0876,CMP100292,3,ACC0292M2,ACC0292M3,25958.6,8,2026-03-31 12:59:07
HOP0877,CMP100293,1,ACC0293V,ACC0293M1,26347.28,5,2026-04-19 12:31:07
HOP0878,CMP100293,2,ACC0293M1,ACC0293M2,24960.58,12,2026-04-19 12:48:07
HOP0879,CMP100293,3,ACC0293M2,ACC0293M3,23573.88,8,2026-04-19 12:56:07
HOP0880,CMP100294,1,ACC0294V,ACC0294M1,111089.01,5,2026-06-19 11:24:07
HOP0881,CMP100294,2,ACC0294M1,ACC0294M2,105242.22,12,2026-06-19 11:41:07
HOP0882,CMP100294,3,ACC0294M2,ACC0294M3,99395.43,8,2026-06-19 11:49:07
HOP0883,CMP100295,1,ACC0295V,ACC0295M1,67880.25,5,2026-05-30 21:24:07
HOP0884,CMP100295,2,ACC0295M1,ACC0295M2,64307.61,12,2026-05-30 21:41:07
HOP0885,CMP100295,3,ACC0295M2,ACC0295M3,60734.96,8,2026-05-30 21:49:07
HOP0886,CMP100296,1,ACC0296V,ACC0296M1,23755.64,5,2026-07-23 08:20:07
HOP0887,CMP100296,2,ACC0296M1,ACC0296M2,22505.35,12,2026-07-23 08:37:07
HOP0888,CMP100296,3,ACC0296M2,ACC0296M3,21255.05,8,2026-07-23 08:45:07
HOP0889,CMP100297,1,ACC0297V,ACC0297M1,116784.41,5,2026-08-15 00:38:07
HOP0890,CMP100297,2,ACC0297M1,ACC0297M2,110637.86,12,2026-08-15 00:55:07
HOP0891,CMP100297,3,ACC0297M2,ACC0297M3,104491.32,8,2026-08-15 01:03:07
HOP0892,CMP100298,1,ACC0298V,ACC0298M1,64588.04,5,2026-09-05 21:51:07
HOP0893,CMP100298,2,ACC0298M1,ACC0298M2,61188.67,12,2026-09-05 22:08:07
HOP0894,CMP100298,3,ACC0298M2,ACC0298M3,57789.3,8,2026-09-05 22:16:07
HOP0895,CMP100299,1,ACC0299V,ACC0299M1,107081.67,5,2026-09-20 03:40:07
HOP0896,CMP100299,2,ACC0299M1,ACC0299M2,101445.79,12,2026-09-20 03:57:07
HOP0897,CMP100299,3,ACC0299M2,ACC0299M3,95809.92,8,2026-09-20 04:05:07
HOP0898,CMP100300,1,ACC0300V,ACC0300M1,89153.41,5,2026-06-27 04:40:07
HOP0899,CMP100300,2,ACC0300M1,ACC0300M2,84461.12,12,2026-06-27 04:57:07
HOP0900,CMP100300,3,ACC0300M2,ACC0300M3,79768.84,8,2026-06-27 05:05:07
HOP0901,CMP100301,1,ACC0301V,ACC0301M1,20733.17,5,2026-04-02 06:55:07
HOP0902,CMP100301,2,ACC0301M1,ACC0301M2,19641.95,12,2026-04-02 07:12:07
HOP0903,CMP100301,3,ACC0301M2,ACC0301M3,18550.73,8,2026-04-02 07:20:07
HOP0904,CMP100302,1,ACC0302V,ACC0302M1,27127.52,5,2026-05-15 02:42:07
HOP0905,CMP100302,2,ACC0302M1,ACC0302M2,25699.75,12,2026-05-15 02:59:07
HOP0906,CMP100302,3,ACC0302M2,ACC0302M3,24271.99,8,2026-05-15 03:07:07
HOP0907,CMP100303,1,ACC0303V,ACC0303M1,100285.72,5,2026-08-09 12:59:07
HOP0908,CMP100303,2,ACC0303M1,ACC0303M2,95007.53,12,2026-08-09 13:16:07
HOP0909,CMP100303,3,ACC0303M2,ACC0303M3,89729.33,8,2026-08-09 13:24:07
HOP0910,CMP100304,1,ACC0304V,ACC0304M1,87452.87,5,2026-09-01 20:20:07
HOP0911,CMP100304,2,ACC0304M1,ACC0304M2,82850.08,12,2026-09-01 20:37:07
HOP0912,CMP100304,3,ACC0304M2,ACC0304M3,78247.3,8,2026-09-01 20:45:07
HOP0913,CMP100305,1,ACC0305V,ACC0305M1,46517.48,5,2026-08-15 13:10:07
HOP0914,CMP100305,2,ACC0305M1,ACC0305M2,44069.19,12,2026-08-15 13:27:07
HOP0915,CMP100305,3,ACC0305M2,ACC0305M3,41620.9,8,2026-08-15 13:35:07
HOP0916,CMP100306,1,ACC0306V,ACC0306M1,53413.16,5,2026-04-29 14:26:07
HOP0917,CMP100306,2,ACC0306M1,ACC0306M2,50601.94,12,2026-04-29 14:43:07
HOP0918,CMP100306,3,ACC0306M2,ACC0306M3,47790.72,8,2026-04-29 14:51:07
HOP0919,CMP100307,1,ACC0307V,ACC0307M1,170441.92,5,2026-08-09 04:15:07
HOP0920,CMP100307,2,ACC0307M1,ACC0307M2,161471.29,12,2026-08-09 04:32:07
HOP0921,CMP100307,3,ACC0307M2,ACC0307M3,152500.67,8,2026-08-09 04:40:07
HOP0922,CMP100308,1,ACC0308V,ACC0308M1,26289.21,5,2026-04-16 23:22:07
HOP0923,CMP100308,2,ACC0308M1,ACC0308M2,24905.56,12,2026-04-16 23:39:07
HOP0924,CMP100308,3,ACC0308M2,ACC0308M3,23521.92,8,2026-04-16 23:47:07
HOP0925,CMP100309,1,ACC0309V,ACC0309M1,82090.9,5,2026-08-09 10:17:07
HOP0926,CMP100309,2,ACC0309M1,ACC0309M2,77770.32,12,2026-08-09 10:34:07
HOP0927,CMP100309,3,ACC0309M2,ACC0309M3,73449.75,8,2026-08-09 10:42:07
HOP0928,CMP100310,1,ACC0310V,ACC0310M1,38804.54,5,2026-05-14 15:04:07
HOP0929,CMP100310,2,ACC0310M1,ACC0310M2,36762.19,12,2026-05-14 15:21:07
HOP0930,CMP100310,3,ACC0310M2,ACC0310M3,34719.85,8,2026-05-14 15:29:07
HOP0931,CMP100311,1,ACC0311V,ACC0311M1,38208.14,5,2026-09-23 05:58:07
HOP0932,CMP100311,2,ACC0311M1,ACC0311M2,36197.18,12,2026-09-23 06:15:07
HOP0933,CMP100311,3,ACC0311M2,ACC0311M3,34186.23,8,2026-09-23 06:23:07
HOP0934,CMP100312,1,ACC0312V,ACC0312M1,142523.46,5,2026-06-25 19:06:07
HOP0935,CMP100312,2,ACC0312M1,ACC0312M2,135022.22,12,2026-06-25 19:23:07
HOP0936,CMP100312,3,ACC0312M2,ACC0312M3,127520.99,8,2026-06-25 19:31:07
HOP0937,CMP100313,1,ACC0313V,ACC0313M1,108434.47,5,2026-07-02 02:30:07
HOP0938,CMP100313,2,ACC0313M1,ACC0313M2,102727.4,12,2026-07-02 02:47:07
HOP0939,CMP100313,3,ACC0313M2,ACC0313M3,97020.32,8,2026-07-02 02:55:07
HOP0940,CMP100314,1,ACC0314V,ACC0314M1,107151.03,5,2026-08-06 13:27:07
HOP0941,CMP100314,2,ACC0314M1,ACC0314M2,101511.5,12,2026-08-06 13:44:07
HOP0942,CMP100314,3,ACC0314M2,ACC0314M3,95871.98,8,2026-08-06 13:52:07
HOP0943,CMP100315,1,ACC0315V,ACC0315M1,175249.12,5,2026-04-20 10:00:07
HOP0944,CMP100315,2,ACC0315M1,ACC0315M2,166025.48,12,2026-04-20 10:17:07
HOP0945,CMP100315,3,ACC0315M2,ACC0315M3,156801.85,8,2026-04-20 10:25:07
HOP0946,CMP100316,1,ACC0316V,ACC0316M1,48508.24,5,2026-04-20 02:56:07
HOP0947,CMP100316,2,ACC0316M1,ACC0316M2,45955.17,12,2026-04-20 03:13:07
HOP0948,CMP100316,3,ACC0316M2,ACC0316M3,43402.11,8,2026-04-20 03:21:07
HOP0949,CMP100317,1,ACC0317V,ACC0317M1,93942.48,5,2026-08-27 04:50:07
HOP0950,CMP100317,2,ACC0317M1,ACC0317M2,88998.14,12,2026-08-27 05:07:07
HOP0951,CMP100317,3,ACC0317M2,ACC0317M3,84053.8,8,2026-08-27 05:15:07
HOP0952,CMP100318,1,ACC0318V,ACC0318M1,34829.44,5,2026-04-26 16:18:07
HOP0953,CMP100318,2,ACC0318M1,ACC0318M2,32996.31,12,2026-04-26 16:35:07
HOP0954,CMP100318,3,ACC0318M2,ACC0318M3,31163.18,8,2026-04-26 16:43:07
HOP0955,CMP100319,1,ACC0319V,ACC0319M1,65686.68,5,2026-08-13 02:40:07
HOP0956,CMP100319,2,ACC0319M1,ACC0319M2,62229.48,12,2026-08-13 02:57:07
HOP0957,CMP100319,3,ACC0319M2,ACC0319M3,58772.29,8,2026-08-13 03:05:07
HOP0958,CMP100320,1,ACC0320V,ACC0320M1,41703.57,5,2026-05-22 21:49:07
HOP0959,CMP100320,2,ACC0320M1,ACC0320M2,39508.64,12,2026-05-22 22:06:07
HOP0960,CMP100320,3,ACC0320M2,ACC0320M3,37313.72,8,2026-05-22 22:14:07
HOP0961,CMP100321,1,ACC0321V,ACC0321M1,52338.16,5,2026-06-02 10:56:07
HOP0962,CMP100321,2,ACC0321M1,ACC0321M2,49583.52,12,2026-06-02 11:13:07
HOP0963,CMP100321,3,ACC0321M2,ACC0321M3,46828.88,8,2026-06-02 11:21:07
HOP0964,CMP100322,1,ACC0322V,ACC0322M1,86132.49,5,2026-07-29 21:12:07
HOP0965,CMP100322,2,ACC0322M1,ACC0322M2,81599.2,12,2026-07-29 21:29:07
HOP0966,CMP100322,3,ACC0322M2,ACC0322M3,77065.91,8,2026-07-29 21:37:07
HOP0967,CMP100323,1,ACC0323V,ACC0323M1,20957.76,5,2026-06-18 06:30:07
HOP0968,CMP100323,2,ACC0323M1,ACC0323M2,19854.72,12,2026-06-18 06:47:07
HOP0969,CMP100323,3,ACC0323M2,ACC0323M3,18751.68,8,2026-06-18 06:55:07
HOP0970,CMP100324,1,ACC0324V,ACC0324M1,384951.36,5,2026-06-24 04:12:07
HOP0971,CMP100324,2,ACC0324M1,ACC0324M2,364690.76,12,2026-06-24 04:29:07
HOP0972,CMP100324,3,ACC0324M2,ACC0324M3,344430.17,8,2026-06-24 04:37:07
HOP0973,CMP100325,1,ACC0325V,ACC0325M1,17369.44,5,2026-05-18 05:54:07
HOP0974,CMP100325,2,ACC0325M1,ACC0325M2,16455.26,12,2026-05-18 06:11:07
HOP0975,CMP100325,3,ACC0325M2,ACC0325M3,15541.08,8,2026-05-18 06:19:07
HOP0976,CMP100326,1,ACC0326V,ACC0326M1,14105.16,5,2026-06-23 07:22:07
HOP0977,CMP100326,2,ACC0326M1,ACC0326M2,13362.79,12,2026-06-23 07:39:07
HOP0978,CMP100326,3,ACC0326M2,ACC0326M3,12620.41,8,2026-06-23 07:47:07
HOP0979,CMP100327,1,ACC0327V,ACC0327M1,151235.86,5,2026-08-14 01:19:07
HOP0980,CMP100327,2,ACC0327M1,ACC0327M2,143276.08,12,2026-08-14 01:36:07
HOP0981,CMP100327,3,ACC0327M2,ACC0327M3,135316.29,8,2026-08-14 01:44:07
HOP0982,CMP100328,1,ACC0328V,ACC0328M1,104835.49,5,2026-05-31 13:34:07
HOP0983,CMP100328,2,ACC0328M1,ACC0328M2,99317.83,12,2026-05-31 13:51:07
HOP0984,CMP100328,3,ACC0328M2,ACC0328M3,93800.18,8,2026-05-31 13:59:07
HOP0985,CMP100329,1,ACC0329V,ACC0329M1,88663.6,5,2026-09-12 17:13:07
HOP0986,CMP100329,2,ACC0329M1,ACC0329M2,83997.1,12,2026-09-12 17:30:07
HOP0987,CMP100329,3,ACC0329M2,ACC0329M3,79330.59,8,2026-09-12 17:38:07
HOP0988,CMP100330,1,ACC0330V,ACC0330M1,89039.06,5,2026-07-30 04:05:07
HOP0989,CMP100330,2,ACC0330M1,ACC0330M2,84352.8,12,2026-07-30 04:22:07
HOP0990,CMP100330,3,ACC0330M2,ACC0330M3,79666.53,8,2026-07-30 04:30:07
HOP0991,CMP100331,1,ACC0331V,ACC0331M1,46921.83,5,2026-06-20 23:56:07
HOP0992,CMP100331,2,ACC0331M1,ACC0331M2,44452.26,12,2026-06-21 00:13:07
HOP0993,CMP100331,3,ACC0331M2,ACC0331M3,41982.69,8,2026-06-21 00:21:07
HOP0994,CMP100332,1,ACC0332V,ACC0332M1,19365.15,5,2026-04-12 04:47:07
HOP0995,CMP100332,2,ACC0332M1,ACC0332M2,18345.93,12,2026-04-12 05:04:07
HOP0996,CMP100332,3,ACC0332M2,ACC0332M3,17326.71,8,2026-04-12 05:12:07
HOP0997,CMP100333,1,ACC0333V,ACC0333M1,51240.71,5,2026-07-03 01:14:07
HOP0998,CMP100333,2,ACC0333M1,ACC0333M2,48543.83,12,2026-07-03 01:31:07
HOP0999,CMP100333,3,ACC0333M2,ACC0333M3,45846.95,8,2026-07-03 01:39:07
HOP1000,CMP100334,1,ACC0334V,ACC0334M1,24132.71,5,2026-08-12 12:44:07
HOP1001,CMP100334,2,ACC0334M1,ACC0334M2,22862.56,12,2026-08-12 13:01:07
HOP1002,CMP100334,3,ACC0334M2,ACC0334M3,21592.42,8,2026-08-12 13:09:07
HOP1003,CMP100335,1,ACC0335V,ACC0335M1,125945.52,5,2026-05-04 05:30:07
HOP1004,CMP100335,2,ACC0335M1,ACC0335M2,119316.81,12,2026-05-04 05:47:07
HOP1005,CMP100335,3,ACC0335M2,ACC0335M3,112688.1,8,2026-05-04 05:55:07
HOP1006,CMP100336,1,ACC0336V,ACC0336M1,41004.11,5,2026-04-03 19:27:07
HOP1007,CMP100336,2,ACC0336M1,ACC0336M2,38846.0,12,2026-04-03 19:44:07
HOP1008,CMP100336,3,ACC0336M2,ACC0336M3,36687.89,8,2026-04-03 19:52:07
HOP1009,CMP100337,1,ACC0337V,ACC0337M1,20805.82,5,2026-04-03 04:10:07
HOP1010,CMP100337,2,ACC0337M1,ACC0337M2,19710.77,12,2026-04-03 04:27:07
HOP1011,CMP100337,3,ACC0337M2,ACC0337M3,18615.73,8,2026-04-03 04:35:07
HOP1012,CMP100338,1,ACC0338V,ACC0338M1,34444.31,5,2026-04-17 07:20:07
HOP1013,CMP100338,2,ACC0338M1,ACC0338M2,32631.45,12,2026-04-17 07:37:07
HOP1014,CMP100338,3,ACC0338M2,ACC0338M3,30818.59,8,2026-04-17 07:45:07
HOP1015,CMP100339,1,ACC0339V,ACC0339M1,71783.97,5,2026-07-26 12:41:07
HOP1016,CMP100339,2,ACC0339M1,ACC0339M2,68005.86,12,2026-07-26 12:58:07
HOP1017,CMP100339,3,ACC0339M2,ACC0339M3,64227.76,8,2026-07-26 13:06:07
HOP1018,CMP100340,1,ACC0340V,ACC0340M1,27031.57,5,2026-04-12 14:30:07
HOP1019,CMP100340,2,ACC0340M1,ACC0340M2,25608.85,12,2026-04-12 14:47:07
HOP1020,CMP100340,3,ACC0340M2,ACC0340M3,24186.14,8,2026-04-12 14:55:07
HOP1021,CMP100341,1,ACC0341V,ACC0341M1,20874.1,5,2026-08-30 08:23:07
HOP1022,CMP100341,2,ACC0341M1,ACC0341M2,19775.47,12,2026-08-30 08:40:07
HOP1023,CMP100341,3,ACC0341M2,ACC0341M3,18676.83,8,2026-08-30 08:48:07
HOP1024,CMP100342,1,ACC0342V,ACC0342M1,60607.4,5,2026-07-21 10:27:07
HOP1025,CMP100342,2,ACC0342M1,ACC0342M2,57417.53,12,2026-07-21 10:44:07
HOP1026,CMP100342,3,ACC0342M2,ACC0342M3,54227.67,8,2026-07-21 10:52:07
HOP1027,CMP100343,1,ACC0343V,ACC0343M1,60684.98,5,2026-06-09 22:56:07
HOP1028,CMP100343,2,ACC0343M1,ACC0343M2,57491.04,12,2026-06-09 23:13:07
HOP1029,CMP100343,3,ACC0343M2,ACC0343M3,54297.09,8,2026-06-09 23:21:07
HOP1030,CMP100344,1,ACC0344V,ACC0344M1,28610.86,5,2026-07-24 04:59:07
HOP1031,CMP100344,2,ACC0344M1,ACC0344M2,27105.03,12,2026-07-24 05:16:07
HOP1032,CMP100344,3,ACC0344M2,ACC0344M3,25599.19,8,2026-07-24 05:24:07
HOP1033,CMP100345,1,ACC0345V,ACC0345M1,29656.8,5,2026-04-02 14:00:07
HOP1034,CMP100345,2,ACC0345M1,ACC0345M2,28095.91,12,2026-04-02 14:17:07
HOP1035,CMP100345,3,ACC0345M2,ACC0345M3,26535.03,8,2026-04-02 14:25:07
HOP1036,CMP100346,1,ACC0346V,ACC0346M1,59906.18,5,2026-09-23 23:11:07
HOP1037,CMP100346,2,ACC0346M1,ACC0346M2,56753.23,12,2026-09-23 23:28:07
HOP1038,CMP100346,3,ACC0346M2,ACC0346M3,53600.27,8,2026-09-23 23:36:07
HOP1039,CMP100347,1,ACC0347V,ACC0347M1,11163.45,5,2026-08-14 20:33:07
HOP1040,CMP100347,2,ACC0347M1,ACC0347M2,10575.9,12,2026-08-14 20:50:07
HOP1041,CMP100347,3,ACC0347M2,ACC0347M3,9988.35,8,2026-08-14 20:58:07
HOP1042,CMP100348,1,ACC0348V,ACC0348M1,11626.25,5,2026-06-13 18:17:07
HOP1043,CMP100348,2,ACC0348M1,ACC0348M2,11014.34,12,2026-06-13 18:34:07
HOP1044,CMP100348,3,ACC0348M2,ACC0348M3,10402.44,8,2026-06-13 18:42:07
HOP1045,CMP100349,1,ACC0349V,ACC0349M1,23156.73,5,2026-03-30 23:02:07
HOP1046,CMP100349,2,ACC0349M1,ACC0349M2,21937.96,12,2026-03-30 23:19:07
HOP1047,CMP100349,3,ACC0349M2,ACC0349M3,20719.18,8,2026-03-30 23:27:07
HOP1048,CMP100350,1,ACC0350V,ACC0350M1,38370.25,5,2026-07-09 22:36:07
HOP1049,CMP100350,2,ACC0350M1,ACC0350M2,36350.77,12,2026-07-09 22:53:07
HOP1050,CMP100350,3,ACC0350M2,ACC0350M3,34331.28,8,2026-07-09 23:01:07
HOP1051,CMP100351,1,ACC0351V,ACC0351M1,64821.49,5,2026-05-13 12:34:07
HOP1052,CMP100351,2,ACC0351M1,ACC0351M2,61409.83,12,2026-05-13 12:51:07
HOP1053,CMP100351,3,ACC0351M2,ACC0351M3,57998.18,8,2026-05-13 12:59:07
HOP1054,CMP100352,1,ACC0352V,ACC0352M1,207698.17,5,2026-04-18 09:37:07
HOP1055,CMP100352,2,ACC0352M1,ACC0352M2,196766.68,12,2026-04-18 09:54:07
HOP1056,CMP100352,3,ACC0352M2,ACC0352M3,185835.2,8,2026-04-18 10:02:07
HOP1057,CMP100353,1,ACC0353V,ACC0353M1,111987.73,5,2026-07-22 08:08:07
HOP1058,CMP100353,2,ACC0353M1,ACC0353M2,106093.64,12,2026-07-22 08:25:07
HOP1059,CMP100353,3,ACC0353M2,ACC0353M3,100199.55,8,2026-07-22 08:33:07
HOP1060,CMP100354,1,ACC0354V,ACC0354M1,40479.32,5,2026-08-14 10:49:07
HOP1061,CMP100354,2,ACC0354M1,ACC0354M2,38348.83,12,2026-08-14 11:06:07
HOP1062,CMP100354,3,ACC0354M2,ACC0354M3,36218.34,8,2026-08-14 11:14:07
HOP1063,CMP100355,1,ACC0355V,ACC0355M1,46605.26,5,2026-09-21 15:10:07
HOP1064,CMP100355,2,ACC0355M1,ACC0355M2,44152.35,12,2026-09-21 15:27:07
HOP1065,CMP100355,3,ACC0355M2,ACC0355M3,41699.44,8,2026-09-21 15:35:07
HOP1066,CMP100356,1,ACC0356V,ACC0356M1,17430.13,5,2026-08-29 18:47:07
HOP1067,CMP100356,2,ACC0356M1,ACC0356M2,16512.76,12,2026-08-29 19:04:07
HOP1068,CMP100356,3,ACC0356M2,ACC0356M3,15595.38,8,2026-08-29 19:12:07
HOP1069,CMP100357,1,ACC0357V,ACC0357M1,46628.72,5,2026-07-31 14:27:07
HOP1070,CMP100357,2,ACC0357M1,ACC0357M2,44174.57,12,2026-07-31 14:44:07
HOP1071,CMP100357,3,ACC0357M2,ACC0357M3,41720.43,8,2026-07-31 14:52:07
HOP1072,CMP100358,1,ACC0358V,ACC0358M1,35590.23,5,2026-05-20 03:57:07
HOP1073,CMP100358,2,ACC0358M1,ACC0358M2,33717.06,12,2026-05-20 04:14:07
HOP1074,CMP100358,3,ACC0358M2,ACC0358M3,31843.89,8,2026-05-20 04:22:07
HOP1075,CMP100359,1,ACC0359V,ACC0359M1,65591.64,5,2026-06-13 18:03:07
HOP1076,CMP100359,2,ACC0359M1,ACC0359M2,62139.45,12,2026-06-13 18:20:07
HOP1077,CMP100359,3,ACC0359M2,ACC0359M3,58687.26,8,2026-06-13 18:28:07
HOP1078,CMP100360,1,ACC0360V,ACC0360M1,20769.77,5,2026-05-10 14:52:07
HOP1079,CMP100360,2,ACC0360M1,ACC0360M2,19676.63,12,2026-05-10 15:09:07
HOP1080,CMP100360,3,ACC0360M2,ACC0360M3,18583.48,8,2026-05-10 15:17:07
HOP1081,CMP100361,1,ACC0361V,ACC0361M1,79844.12,5,2026-08-11 19:00:07
HOP1082,CMP100361,2,ACC0361M1,ACC0361M2,75641.8,12,2026-08-11 19:17:07
HOP1083,CMP100361,3,ACC0361M2,ACC0361M3,71439.47,8,2026-08-11 19:25:07
HOP1084,CMP100362,1,ACC0362V,ACC0362M1,219965.04,5,2026-05-20 03:14:07
HOP1085,CMP100362,2,ACC0362M1,ACC0362M2,208387.93,12,2026-05-20 03:31:07
HOP1086,CMP100362,3,ACC0362M2,ACC0362M3,196810.83,8,2026-05-20 03:39:07
HOP1087,CMP100363,1,ACC0363V,ACC0363M1,42604.92,5,2026-08-21 03:55:07
HOP1088,CMP100363,2,ACC0363M1,ACC0363M2,40362.55,12,2026-08-21 04:12:07
HOP1089,CMP100363,3,ACC0363M2,ACC0363M3,38120.19,8,2026-08-21 04:20:07
HOP1090,CMP100364,1,ACC0364V,ACC0364M1,70983.07,5,2026-04-19 00:27:07
HOP1091,CMP100364,2,ACC0364M1,ACC0364M2,67247.12,12,2026-04-19 00:44:07
HOP1092,CMP100364,3,ACC0364M2,ACC0364M3,63511.17,8,2026-04-19 00:52:07
HOP1093,CMP100365,1,ACC0365V,ACC0365M1,94715.12,5,2026-06-30 10:20:07
HOP1094,CMP100365,2,ACC0365M1,ACC0365M2,89730.12,12,2026-06-30 10:37:07
HOP1095,CMP100365,3,ACC0365M2,ACC0365M3,84745.11,8,2026-06-30 10:45:07
HOP1096,CMP100366,1,ACC0366V,ACC0366M1,31801.36,5,2026-06-23 00:17:07
HOP1097,CMP100366,2,ACC0366M1,ACC0366M2,30127.61,12,2026-06-23 00:34:07
HOP1098,CMP100366,3,ACC0366M2,ACC0366M3,28453.85,8,2026-06-23 00:42:07
HOP1099,CMP100367,1,ACC0367V,ACC0367M1,59431.37,5,2026-04-05 22:55:07
HOP1100,CMP100367,2,ACC0367M1,ACC0367M2,56303.41,12,2026-04-05 23:12:07
HOP1101,CMP100367,3,ACC0367M2,ACC0367M3,53175.44,8,2026-04-05 23:20:07
HOP1102,CMP100368,1,ACC0368V,ACC0368M1,48101.92,5,2026-04-07 12:04:07
HOP1103,CMP100368,2,ACC0368M1,ACC0368M2,45570.24,12,2026-04-07 12:21:07
HOP1104,CMP100368,3,ACC0368M2,ACC0368M3,43038.56,8,2026-04-07 12:29:07
HOP1105,CMP100369,1,ACC0369V,ACC0369M1,52373.77,5,2026-06-08 17:05:07
HOP1106,CMP100369,2,ACC0369M1,ACC0369M2,49617.25,12,2026-06-08 17:22:07
HOP1107,CMP100369,3,ACC0369M2,ACC0369M3,46860.74,8,2026-06-08 17:30:07
HOP1108,CMP100370,1,ACC0370V,ACC0370M1,21927.03,5,2026-09-03 02:03:07
HOP1109,CMP100370,2,ACC0370M1,ACC0370M2,20772.97,12,2026-09-03 02:20:07
HOP1110,CMP100370,3,ACC0370M2,ACC0370M3,19618.92,8,2026-09-03 02:28:07
HOP1111,CMP100371,1,ACC0371V,ACC0371M1,48678.62,5,2026-05-09 10:50:07
HOP1112,CMP100371,2,ACC0371M1,ACC0371M2,46116.58,12,2026-05-09 11:07:07
HOP1113,CMP100371,3,ACC0371M2,ACC0371M3,43554.55,8,2026-05-09 11:15:07
HOP1114,CMP100372,1,ACC0372V,ACC0372M1,78157.66,5,2026-07-03 09:36:07
HOP1115,CMP100372,2,ACC0372M1,ACC0372M2,74044.1,12,2026-07-03 09:53:07
HOP1116,CMP100372,3,ACC0372M2,ACC0372M3,69930.54,8,2026-07-03 10:01:07
HOP1117,CMP100373,1,ACC0373V,ACC0373M1,202729.65,5,2026-09-15 01:36:07
HOP1118,CMP100373,2,ACC0373M1,ACC0373M2,192059.67,12,2026-09-15 01:53:07
HOP1119,CMP100373,3,ACC0373M2,ACC0373M3,181389.69,8,2026-09-15 02:01:07
HOP1120,CMP100374,1,ACC0374V,ACC0374M1,123965.16,5,2026-05-25 15:40:07
HOP1121,CMP100374,2,ACC0374M1,ACC0374M2,117440.68,12,2026-05-25 15:57:07
HOP1122,CMP100374,3,ACC0374M2,ACC0374M3,110916.19,8,2026-05-25 16:05:07
HOP1123,CMP100375,1,ACC0375V,ACC0375M1,409080.58,5,2026-04-03 11:01:07
HOP1124,CMP100375,2,ACC0375M1,ACC0375M2,387550.03,12,2026-04-03 11:18:07
HOP1125,CMP100375,3,ACC0375M2,ACC0375M3,366019.47,8,2026-04-03 11:26:07
HOP1126,CMP100376,1,ACC0376V,ACC0376M1,22051.53,5,2026-08-04 11:56:07
HOP1127,CMP100376,2,ACC0376M1,ACC0376M2,20890.93,12,2026-08-04 12:13:07
HOP1128,CMP100376,3,ACC0376M2,ACC0376M3,19730.32,8,2026-08-04 12:21:07
HOP1129,CMP100377,1,ACC0377V,ACC0377M1,113641.68,5,2026-08-25 21:46:07
HOP1130,CMP100377,2,ACC0377M1,ACC0377M2,107660.54,12,2026-08-25 22:03:07
HOP1131,CMP100377,3,ACC0377M2,ACC0377M3,101679.4,8,2026-08-25 22:11:07
HOP1132,CMP100378,1,ACC0378V,ACC0378M1,57058.2,5,2026-07-17 03:21:07
HOP1133,CMP100378,2,ACC0378M1,ACC0378M2,54055.13,12,2026-07-17 03:38:07
HOP1134,CMP100378,3,ACC0378M2,ACC0378M3,51052.07,8,2026-07-17 03:46:07
HOP1135,CMP100379,1,ACC0379V,ACC0379M1,424338.99,5,2026-08-26 04:00:07
HOP1136,CMP100379,2,ACC0379M1,ACC0379M2,402005.36,12,2026-08-26 04:17:07
HOP1137,CMP100379,3,ACC0379M2,ACC0379M3,379671.73,8,2026-08-26 04:25:07
HOP1138,CMP100380,1,ACC0380V,ACC0380M1,21166.75,5,2026-09-19 04:20:07
HOP1139,CMP100380,2,ACC0380M1,ACC0380M2,20052.71,12,2026-09-19 04:37:07
HOP1140,CMP100380,3,ACC0380M2,ACC0380M3,18938.67,8,2026-09-19 04:45:07
HOP1141,CMP100381,1,ACC0381V,ACC0381M1,20511.95,5,2026-05-04 05:40:07
HOP1142,CMP100381,2,ACC0381M1,ACC0381M2,19432.38,12,2026-05-04 05:57:07
HOP1143,CMP100381,3,ACC0381M2,ACC0381M3,18352.8,8,2026-05-04 06:05:07
HOP1144,CMP100382,1,ACC0382V,ACC0382M1,26084.39,5,2026-07-17 07:29:07
HOP1145,CMP100382,2,ACC0382M1,ACC0382M2,24711.53,12,2026-07-17 07:46:07
HOP1146,CMP100382,3,ACC0382M2,ACC0382M3,23338.66,8,2026-07-17 07:54:07
HOP1147,CMP100383,1,ACC0383V,ACC0383M1,5679.34,5,2026-08-14 09:31:07
HOP1148,CMP100383,2,ACC0383M1,ACC0383M2,5380.43,12,2026-08-14 09:48:07
HOP1149,CMP100383,3,ACC0383M2,ACC0383M3,5081.51,8,2026-08-14 09:56:07
HOP1150,CMP100384,1,ACC0384V,ACC0384M1,28077.67,5,2026-09-03 19:16:07
HOP1151,CMP100384,2,ACC0384M1,ACC0384M2,26599.9,12,2026-09-03 19:33:07
HOP1152,CMP100384,3,ACC0384M2,ACC0384M3,25122.12,8,2026-09-03 19:41:07
HOP1153,CMP100385,1,ACC0385V,ACC0385M1,22233.43,5,2026-08-16 21:24:07
HOP1154,CMP100385,2,ACC0385M1,ACC0385M2,21063.25,12,2026-08-16 21:41:07
HOP1155,CMP100385,3,ACC0385M2,ACC0385M3,19893.07,8,2026-08-16 21:49:07
HOP1156,CMP100386,1,ACC0386V,ACC0386M1,55208.86,5,2026-07-30 05:58:07
HOP1157,CMP100386,2,ACC0386M1,ACC0386M2,52303.13,12,2026-07-30 06:15:07
HOP1158,CMP100386,3,ACC0386M2,ACC0386M3,49397.4,8,2026-07-30 06:23:07
HOP1159,CMP100387,1,ACC0387V,ACC0387M1,66852.3,5,2026-07-22 00:58:07
HOP1160,CMP100387,2,ACC0387M1,ACC0387M2,63333.76,12,2026-07-22 01:15:07
HOP1161,CMP100387,3,ACC0387M2,ACC0387M3,59815.21,8,2026-07-22 01:23:07
HOP1162,CMP100388,1,ACC0388V,ACC0388M1,310101.77,5,2026-05-27 07:03:07
HOP1163,CMP100388,2,ACC0388M1,ACC0388M2,293780.63,12,2026-05-27 07:20:07
HOP1164,CMP100388,3,ACC0388M2,ACC0388M3,277459.48,8,2026-05-27 07:28:07
HOP1165,CMP100389,1,ACC0389V,ACC0389M1,122873.28,5,2026-04-25 03:01:07
HOP1166,CMP100389,2,ACC0389M1,ACC0389M2,116406.26,12,2026-04-25 03:18:07
HOP1167,CMP100389,3,ACC0389M2,ACC0389M3,109939.25,8,2026-04-25 03:26:07
HOP1168,CMP100390,1,ACC0390V,ACC0390M1,26677.64,5,2026-08-08 03:36:07
HOP1169,CMP100390,2,ACC0390M1,ACC0390M2,25273.56,12,2026-08-08 03:53:07
HOP1170,CMP100390,3,ACC0390M2,ACC0390M3,23869.47,8,2026-08-08 04:01:07
HOP1171,CMP100391,1,ACC0391V,ACC0391M1,19342.7,5,2026-06-23 02:20:07
HOP1172,CMP100391,2,ACC0391M1,ACC0391M2,18324.67,12,2026-06-23 02:37:07
HOP1173,CMP100391,3,ACC0391M2,ACC0391M3,17306.63,8,2026-06-23 02:45:07
HOP1174,CMP100392,1,ACC0392V,ACC0392M1,77683.97,5,2026-06-09 13:33:07
HOP1175,CMP100392,2,ACC0392M1,ACC0392M2,73595.34,12,2026-06-09 13:50:07
HOP1176,CMP100392,3,ACC0392M2,ACC0392M3,69506.71,8,2026-06-09 13:58:07
HOP1177,CMP100393,1,ACC0393V,ACC0393M1,12685.97,5,2026-09-11 18:22:07
HOP1178,CMP100393,2,ACC0393M1,ACC0393M2,12018.28,12,2026-09-11 18:39:07
HOP1179,CMP100393,3,ACC0393M2,ACC0393M3,11350.6,8,2026-09-11 18:47:07
HOP1180,CMP100394,1,ACC0394V,ACC0394M1,296541.88,5,2026-04-30 03:48:07
HOP1181,CMP100394,2,ACC0394M1,ACC0394M2,280934.41,12,2026-04-30 04:05:07
HOP1182,CMP100394,3,ACC0394M2,ACC0394M3,265326.95,8,2026-04-30 04:13:07
HOP1183,CMP100395,1,ACC0395V,ACC0395M1,154496.25,5,2026-06-29 13:47:07
HOP1184,CMP100395,2,ACC0395M1,ACC0395M2,146364.87,12,2026-06-29 14:04:07
HOP1185,CMP100395,3,ACC0395M2,ACC0395M3,138233.49,8,2026-06-29 14:12:07
HOP1186,CMP100396,1,ACC0396V,ACC0396M1,29712.1,5,2026-07-31 22:20:07
HOP1187,CMP100396,2,ACC0396M1,ACC0396M2,28148.3,12,2026-07-31 22:37:07
HOP1188,CMP100396,3,ACC0396M2,ACC0396M3,26584.51,8,2026-07-31 22:45:07
HOP1189,CMP100397,1,ACC0397V,ACC0397M1,8564.24,5,2026-04-25 09:41:07
HOP1190,CMP100397,2,ACC0397M1,ACC0397M2,8113.49,12,2026-04-25 09:58:07
HOP1191,CMP100397,3,ACC0397M2,ACC0397M3,7662.74,8,2026-04-25 10:06:07
HOP1192,CMP100398,1,ACC0398V,ACC0398M1,183938.61,5,2026-07-26 16:40:07
HOP1193,CMP100398,2,ACC0398M1,ACC0398M2,174257.63,12,2026-07-26 16:57:07
HOP1194,CMP100398,3,ACC0398M2,ACC0398M3,164576.65,8,2026-07-26 17:05:07
HOP1195,CMP100399,1,ACC0399V,ACC0399M1,42359.38,5,2026-08-11 04:53:07
HOP1196,CMP100399,2,ACC0399M1,ACC0399M2,40129.94,12,2026-08-11 05:10:07
HOP1197,CMP100399,3,ACC0399M2,ACC0399M3,37900.5,8,2026-08-11 05:18:07
HOP1198,CMP100400,1,ACC0400V,ACC0400M1,163783.6,5,2026-09-11 02:56:07
HOP1199,CMP100400,2,ACC0400M1,ACC0400M2,155163.41,12,2026-09-11 03:13:07
HOP1200,CMP100400,3,ACC0400M2,ACC0400M3,146543.22,8,2026-09-11 03:21:07
HOP1201,CMP100401,1,ACC0401V,ACC0401M1,9643.67,5,2026-09-15 09:24:07
HOP1202,CMP100401,2,ACC0401M1,ACC0401M2,9136.11,12,2026-09-15 09:41:07
HOP1203,CMP100401,3,ACC0401M2,ACC0401M3,8628.55,8,2026-09-15 09:49:07
HOP1204,CMP100402,1,ACC0402V,ACC0402M1,26084.85,5,2026-05-30 14:33:07
HOP1205,CMP100402,2,ACC0402M1,ACC0402M2,24711.97,12,2026-05-30 14:50:07
HOP1206,CMP100402,3,ACC0402M2,ACC0402M3,23339.08,8,2026-05-30 14:58:07
HOP1207,CMP100403,1,ACC0403V,ACC0403M1,47749.73,5,2026-07-02 06:19:07
HOP1208,CMP100403,2,ACC0403M1,ACC0403M2,45236.58,12,2026-07-02 06:36:07
HOP1209,CMP100403,3,ACC0403M2,ACC0403M3,42723.44,8,2026-07-02 06:44:07
HOP1210,CMP100404,1,ACC0404V,ACC0404M1,49784.83,5,2026-06-05 22:15:07
HOP1211,CMP100404,2,ACC0404M1,ACC0404M2,47164.57,12,2026-06-05 22:32:07
HOP1212,CMP100404,3,ACC0404M2,ACC0404M3,44544.32,8,2026-06-05 22:40:07
HOP1213,CMP100405,1,ACC0405V,ACC0405M1,30285.35,5,2026-04-11 17:23:07
HOP1214,CMP100405,2,ACC0405M1,ACC0405M2,28691.39,12,2026-04-11 17:40:07
HOP1215,CMP100405,3,ACC0405M2,ACC0405M3,27097.42,8,2026-04-11 17:48:07
HOP1216,CMP100406,1,ACC0406V,ACC0406M1,88551.09,5,2026-04-23 13:05:07
HOP1217,CMP100406,2,ACC0406M1,ACC0406M2,83890.5,12,2026-04-23 13:22:07
HOP1218,CMP100406,3,ACC0406M2,ACC0406M3,79229.92,8,2026-04-23 13:30:07
HOP1219,CMP100407,1,ACC0407V,ACC0407M1,16331.73,5,2026-04-15 03:17:07
HOP1220,CMP100407,2,ACC0407M1,ACC0407M2,15472.16,12,2026-04-15 03:34:07
HOP1221,CMP100407,3,ACC0407M2,ACC0407M3,14612.6,8,2026-04-15 03:42:07
HOP1222,CMP100408,1,ACC0408V,ACC0408M1,41196.37,5,2026-05-05 06:52:07
HOP1223,CMP100408,2,ACC0408M1,ACC0408M2,39028.14,12,2026-05-05 07:09:07
HOP1224,CMP100408,3,ACC0408M2,ACC0408M3,36859.91,8,2026-05-05 07:17:07
HOP1225,CMP100409,1,ACC0409V,ACC0409M1,53571.93,5,2026-03-27 21:15:07
HOP1226,CMP100409,2,ACC0409M1,ACC0409M2,50752.36,12,2026-03-27 21:32:07
HOP1227,CMP100409,3,ACC0409M2,ACC0409M3,47932.78,8,2026-03-27 21:40:07
HOP1228,CMP100410,1,ACC0410V,ACC0410M1,79453.23,5,2026-06-29 02:25:07
HOP1229,CMP100410,2,ACC0410M1,ACC0410M2,75271.48,12,2026-06-29 02:42:07
HOP1230,CMP100410,3,ACC0410M2,ACC0410M3,71089.73,8,2026-06-29 02:50:07
HOP1231,CMP100411,1,ACC0411V,ACC0411M1,96770.73,5,2026-07-04 05:43:07
HOP1232,CMP100411,2,ACC0411M1,ACC0411M2,91677.54,12,2026-07-04 06:00:07
HOP1233,CMP100411,3,ACC0411M2,ACC0411M3,86584.34,8,2026-07-04 06:08:07
HOP1234,CMP100412,1,ACC0412V,ACC0412M1,15426.51,5,2026-04-05 14:32:07
HOP1235,CMP100412,2,ACC0412M1,ACC0412M2,14614.59,12,2026-04-05 14:49:07
HOP1236,CMP100412,3,ACC0412M2,ACC0412M3,13802.67,8,2026-04-05 14:57:07
HOP1237,CMP100413,1,ACC0413V,ACC0413M1,10243.21,5,2026-03-31 09:52:07
HOP1238,CMP100413,2,ACC0413M1,ACC0413M2,9704.1,12,2026-03-31 10:09:07
HOP1239,CMP100413,3,ACC0413M2,ACC0413M3,9164.98,8,2026-03-31 10:17:07
HOP1240,CMP100414,1,ACC0414V,ACC0414M1,170443.96,5,2026-09-17 01:40:07
HOP1241,CMP100414,2,ACC0414M1,ACC0414M2,161473.22,12,2026-09-17 01:57:07
HOP1242,CMP100414,3,ACC0414M2,ACC0414M3,152502.49,8,2026-09-17 02:05:07
HOP1243,CMP100415,1,ACC0415V,ACC0415M1,66224.05,5,2026-05-29 07:12:07
HOP1244,CMP100415,2,ACC0415M1,ACC0415M2,62738.58,12,2026-05-29 07:29:07
HOP1245,CMP100415,3,ACC0415M2,ACC0415M3,59253.1,8,2026-05-29 07:37:07
HOP1246,CMP100416,1,ACC0416V,ACC0416M1,22471.39,5,2026-08-25 11:23:07
HOP1247,CMP100416,2,ACC0416M1,ACC0416M2,21288.69,12,2026-08-25 11:40:07
HOP1248,CMP100416,3,ACC0416M2,ACC0416M3,20105.98,8,2026-08-25 11:48:07
HOP1249,CMP100417,1,ACC0417V,ACC0417M1,224052.79,5,2026-06-18 12:14:07
HOP1250,CMP100417,2,ACC0417M1,ACC0417M2,212260.54,12,2026-06-18 12:31:07
HOP1251,CMP100417,3,ACC0417M2,ACC0417M3,200468.28,8,2026-06-18 12:39:07
HOP1252,CMP100418,1,ACC0418V,ACC0418M1,53324.95,5,2026-04-12 11:48:07
HOP1253,CMP100418,2,ACC0418M1,ACC0418M2,50518.38,12,2026-04-12 12:05:07
HOP1254,CMP100418,3,ACC0418M2,ACC0418M3,47711.8,8,2026-04-12 12:13:07
HOP1255,CMP100419,1,ACC0419V,ACC0419M1,154474.17,5,2026-04-30 12:21:07
HOP1256,CMP100419,2,ACC0419M1,ACC0419M2,146343.95,12,2026-04-30 12:38:07
HOP1257,CMP100419,3,ACC0419M2,ACC0419M3,138213.73,8,2026-04-30 12:46:07
HOP1258,CMP100420,1,ACC0420V,ACC0420M1,50817.88,5,2026-04-19 07:12:07
HOP1259,CMP100420,2,ACC0420M1,ACC0420M2,48143.25,12,2026-04-19 07:29:07
HOP1260,CMP100420,3,ACC0420M2,ACC0420M3,45468.62,8,2026-04-19 07:37:07
HOP1261,CMP100421,1,ACC0421V,ACC0421M1,372962.41,5,2026-08-07 22:57:07
HOP1262,CMP100421,2,ACC0421M1,ACC0421M2,353332.81,12,2026-08-07 23:14:07
HOP1263,CMP100421,3,ACC0421M2,ACC0421M3,333703.21,8,2026-08-07 23:22:07
HOP1264,CMP100422,1,ACC0422V,ACC0422M1,274807.42,5,2026-09-03 17:53:07
HOP1265,CMP100422,2,ACC0422M1,ACC0422M2,260343.87,12,2026-09-03 18:10:07
HOP1266,CMP100422,3,ACC0422M2,ACC0422M3,245880.32,8,2026-09-03 18:18:07
HOP1267,CMP100423,1,ACC0423V,ACC0423M1,37031.38,5,2026-08-13 00:45:07
HOP1268,CMP100423,2,ACC0423M1,ACC0423M2,35082.36,12,2026-08-13 01:02:07
HOP1269,CMP100423,3,ACC0423M2,ACC0423M3,33133.34,8,2026-08-13 01:10:07
HOP1270,CMP100424,1,ACC0424V,ACC0424M1,125499.36,5,2026-05-07 06:30:07
HOP1271,CMP100424,2,ACC0424M1,ACC0424M2,118894.13,12,2026-05-07 06:47:07
HOP1272,CMP100424,3,ACC0424M2,ACC0424M3,112288.9,8,2026-05-07 06:55:07
HOP1273,CMP100425,1,ACC0425V,ACC0425M1,90568.43,5,2026-04-07 12:18:07
HOP1274,CMP100425,2,ACC0425M1,ACC0425M2,85801.67,12,2026-04-07 12:35:07
HOP1275,CMP100425,3,ACC0425M2,ACC0425M3,81034.91,8,2026-04-07 12:43:07
HOP1276,CMP100426,1,ACC0426V,ACC0426M1,186673.53,5,2026-07-19 03:08:07
HOP1277,CMP100426,2,ACC0426M1,ACC0426M2,176848.61,12,2026-07-19 03:25:07
HOP1278,CMP100426,3,ACC0426M2,ACC0426M3,167023.68,8,2026-07-19 03:33:07
HOP1279,CMP100427,1,ACC0427V,ACC0427M1,18098.09,5,2026-05-27 07:57:07
HOP1280,CMP100427,2,ACC0427M1,ACC0427M2,17145.56,12,2026-05-27 08:14:07
HOP1281,CMP100427,3,ACC0427M2,ACC0427M3,16193.03,8,2026-05-27 08:22:07
HOP1282,CMP100428,1,ACC0428V,ACC0428M1,94328.29,5,2026-05-22 04:00:07
HOP1283,CMP100428,2,ACC0428M1,ACC0428M2,89363.65,12,2026-05-22 04:17:07
HOP1284,CMP100428,3,ACC0428M2,ACC0428M3,84399.0,8,2026-05-22 04:25:07
HOP1285,CMP100429,1,ACC0429V,ACC0429M1,136886.78,5,2026-06-20 12:33:07
HOP1286,CMP100429,2,ACC0429M1,ACC0429M2,129682.22,12,2026-06-20 12:50:07
HOP1287,CMP100429,3,ACC0429M2,ACC0429M3,122477.65,8,2026-06-20 12:58:07
HOP1288,CMP100430,1,ACC0430V,ACC0430M1,8182.44,5,2026-05-22 18:09:07
HOP1289,CMP100430,2,ACC0430M1,ACC0430M2,7751.78,12,2026-05-22 18:26:07
HOP1290,CMP100430,3,ACC0430M2,ACC0430M3,7321.13,8,2026-05-22 18:34:07
HOP1291,CMP100431,1,ACC0431V,ACC0431M1,14548.25,5,2026-08-26 00:24:07
HOP1292,CMP100431,2,ACC0431M1,ACC0431M2,13782.56,12,2026-08-26 00:41:07
HOP1293,CMP100431,3,ACC0431M2,ACC0431M3,13016.86,8,2026-08-26 00:49:07
HOP1294,CMP100432,1,ACC0432V,ACC0432M1,6181.11,5,2026-08-22 16:28:07
HOP1295,CMP100432,2,ACC0432M1,ACC0432M2,5855.79,12,2026-08-22 16:45:07
HOP1296,CMP100432,3,ACC0432M2,ACC0432M3,5530.47,8,2026-08-22 16:53:07
HOP1297,CMP100433,1,ACC0433V,ACC0433M1,36282.04,5,2026-07-14 00:56:07
HOP1298,CMP100433,2,ACC0433M1,ACC0433M2,34372.46,12,2026-07-14 01:13:07
HOP1299,CMP100433,3,ACC0433M2,ACC0433M3,32462.88,8,2026-07-14 01:21:07
HOP1300,CMP100434,1,ACC0434V,ACC0434M1,97346.03,5,2026-04-29 19:49:07
HOP1301,CMP100434,2,ACC0434M1,ACC0434M2,92222.56,12,2026-04-29 20:06:07
HOP1302,CMP100434,3,ACC0434M2,ACC0434M3,87099.08,8,2026-04-29 20:14:07
HOP1303,CMP100435,1,ACC0435V,ACC0435M1,213382.6,5,2026-07-21 23:20:07
HOP1304,CMP100435,2,ACC0435M1,ACC0435M2,202151.93,12,2026-07-21 23:37:07
HOP1305,CMP100435,3,ACC0435M2,ACC0435M3,190921.27,8,2026-07-21 23:45:07
HOP1306,CMP100436,1,ACC0436V,ACC0436M1,51153.17,5,2026-09-19 19:04:07
HOP1307,CMP100436,2,ACC0436M1,ACC0436M2,48460.9,12,2026-09-19 19:21:07
HOP1308,CMP100436,3,ACC0436M2,ACC0436M3,45768.62,8,2026-09-19 19:29:07
HOP1309,CMP100437,1,ACC0437V,ACC0437M1,242098.65,5,2026-09-18 11:10:07
HOP1310,CMP100437,2,ACC0437M1,ACC0437M2,229356.61,12,2026-09-18 11:27:07
HOP1311,CMP100437,3,ACC0437M2,ACC0437M3,216614.58,8,2026-09-18 11:35:07
HOP1312,CMP100438,1,ACC0438V,ACC0438M1,11948.77,5,2026-09-01 09:54:07
HOP1313,CMP100438,2,ACC0438M1,ACC0438M2,11319.89,12,2026-09-01 10:11:07
HOP1314,CMP100438,3,ACC0438M2,ACC0438M3,10691.0,8,2026-09-01 10:19:07
HOP1315,CMP100439,1,ACC0439V,ACC0439M1,8648.16,5,2026-08-12 12:12:07
HOP1316,CMP100439,2,ACC0439M1,ACC0439M2,8193.0,12,2026-08-12 12:29:07
HOP1317,CMP100439,3,ACC0439M2,ACC0439M3,7737.83,8,2026-08-12 12:37:07
HOP1318,CMP100440,1,ACC0440V,ACC0440M1,44933.43,5,2026-06-05 09:35:07
HOP1319,CMP100440,2,ACC0440M1,ACC0440M2,42568.51,12,2026-06-05 09:52:07
HOP1320,CMP100440,3,ACC0440M2,ACC0440M3,40203.6,8,2026-06-05 10:00:07
HOP1321,CMP100441,1,ACC0441V,ACC0441M1,69741.48,5,2026-07-21 03:54:07
HOP1322,CMP100441,2,ACC0441M1,ACC0441M2,66070.87,12,2026-07-21 04:11:07
HOP1323,CMP100441,3,ACC0441M2,ACC0441M3,62400.27,8,2026-07-21 04:19:07
HOP1324,CMP100442,1,ACC0442V,ACC0442M1,45972.11,5,2026-05-08 16:38:07
HOP1325,CMP100442,2,ACC0442M1,ACC0442M2,43552.53,12,2026-05-08 16:55:07
HOP1326,CMP100442,3,ACC0442M2,ACC0442M3,41132.94,8,2026-05-08 17:03:07
HOP1327,CMP100443,1,ACC0443V,ACC0443M1,6009.18,5,2026-07-26 19:57:07
HOP1328,CMP100443,2,ACC0443M1,ACC0443M2,5692.9,12,2026-07-26 20:14:07
HOP1329,CMP100443,3,ACC0443M2,ACC0443M3,5376.63,8,2026-07-26 20:22:07
HOP1330,CMP100444,1,ACC0444V,ACC0444M1,43449.95,5,2026-08-22 19:12:07
HOP1331,CMP100444,2,ACC0444M1,ACC0444M2,41163.11,12,2026-08-22 19:29:07
HOP1332,CMP100444,3,ACC0444M2,ACC0444M3,38876.27,8,2026-08-22 19:37:07
HOP1333,CMP100445,1,ACC0445V,ACC0445M1,12887.53,5,2026-06-13 14:21:07
HOP1334,CMP100445,2,ACC0445M1,ACC0445M2,12209.24,12,2026-06-13 14:38:07
HOP1335,CMP100445,3,ACC0445M2,ACC0445M3,11530.95,8,2026-06-13 14:46:07
HOP1336,CMP100446,1,ACC0446V,ACC0446M1,92795.89,5,2026-07-21 14:10:07
HOP1337,CMP100446,2,ACC0446M1,ACC0446M2,87911.89,12,2026-07-21 14:27:07
HOP1338,CMP100446,3,ACC0446M2,ACC0446M3,83027.9,8,2026-07-21 14:35:07
HOP1339,CMP100447,1,ACC0447V,ACC0447M1,68533.86,5,2026-04-06 19:07:07
HOP1340,CMP100447,2,ACC0447M1,ACC0447M2,64926.82,12,2026-04-06 19:24:07
HOP1341,CMP100447,3,ACC0447M2,ACC0447M3,61319.77,8,2026-04-06 19:32:07
HOP1342,CMP100448,1,ACC0448V,ACC0448M1,18557.05,5,2026-05-03 19:59:07
HOP1343,CMP100448,2,ACC0448M1,ACC0448M2,17580.37,12,2026-05-03 20:16:07
HOP1344,CMP100448,3,ACC0448M2,ACC0448M3,16603.68,8,2026-05-03 20:24:07
HOP1345,CMP100449,1,ACC0449V,ACC0449M1,28413.46,5,2026-06-16 12:31:07
HOP1346,CMP100449,2,ACC0449M1,ACC0449M2,26918.01,12,2026-06-16 12:48:07
HOP1347,CMP100449,3,ACC0449M2,ACC0449M3,25422.57,8,2026-06-16 12:56:07
HOP1348,CMP100450,1,ACC0450V,ACC0450M1,16469.6,5,2026-06-22 06:38:07
HOP1349,CMP100450,2,ACC0450M1,ACC0450M2,15602.78,12,2026-06-22 06:55:07
HOP1350,CMP100450,3,ACC0450M2,ACC0450M3,14735.96,8,2026-06-22 07:03:07
HOP1351,CMP100451,1,ACC0451V,ACC0451M1,44614.13,5,2026-07-19 19:36:07
HOP1352,CMP100451,2,ACC0451M1,ACC0451M2,42266.02,12,2026-07-19 19:53:07
HOP1353,CMP100451,3,ACC0451M2,ACC0451M3,39917.9,8,2026-07-19 20:01:07
HOP1354,CMP100452,1,ACC0452V,ACC0452M1,123454.42,5,2026-04-01 11:05:07
HOP1355,CMP100452,2,ACC0452M1,ACC0452M2,116956.82,12,2026-04-01 11:22:07
HOP1356,CMP100452,3,ACC0452M2,ACC0452M3,110459.22,8,2026-04-01 11:30:07
HOP1357,CMP100453,1,ACC0453V,ACC0453M1,17725.49,5,2026-09-13 19:56:07
HOP1358,CMP100453,2,ACC0453M1,ACC0453M2,16792.57,12,2026-09-13 20:13:07
HOP1359,CMP100453,3,ACC0453M2,ACC0453M3,15859.65,8,2026-09-13 20:21:07
HOP1360,CMP100454,1,ACC0454V,ACC0454M1,78631.8,5,2026-07-20 01:36:07
HOP1361,CMP100454,2,ACC0454M1,ACC0454M2,74493.29,12,2026-07-20 01:53:07
HOP1362,CMP100454,3,ACC0454M2,ACC0454M3,70354.77,8,2026-07-20 02:01:07
HOP1363,CMP100455,1,ACC0455V,ACC0455M1,27951.54,5,2026-08-25 03:36:07
HOP1364,CMP100455,2,ACC0455M1,ACC0455M2,26480.4,12,2026-08-25 03:53:07
HOP1365,CMP100455,3,ACC0455M2,ACC0455M3,25009.27,8,2026-08-25 04:01:07
HOP1366,CMP100456,1,ACC0456V,ACC0456M1,21495.78,5,2026-03-28 22:11:07
HOP1367,CMP100456,2,ACC0456M1,ACC0456M2,20364.43,12,2026-03-28 22:28:07
HOP1368,CMP100456,3,ACC0456M2,ACC0456M3,19233.07,8,2026-03-28 22:36:07
HOP1369,CMP100457,1,ACC0457V,ACC0457M1,42678.67,5,2026-07-02 18:06:07
HOP1370,CMP100457,2,ACC0457M1,ACC0457M2,40432.43,12,2026-07-02 18:23:07
HOP1371,CMP100457,3,ACC0457M2,ACC0457M3,38186.18,8,2026-07-02 18:31:07
HOP1372,CMP100458,1,ACC0458V,ACC0458M1,16869.17,5,2026-05-23 09:21:07
HOP1373,CMP100458,2,ACC0458M1,ACC0458M2,15981.32,12,2026-05-23 09:38:07
HOP1374,CMP100458,3,ACC0458M2,ACC0458M3,15093.47,8,2026-05-23 09:46:07
HOP1375,CMP100459,1,ACC0459V,ACC0459M1,27305.29,5,2026-09-20 04:46:07
HOP1376,CMP100459,2,ACC0459M1,ACC0459M2,25868.17,12,2026-09-20 05:03:07
HOP1377,CMP100459,3,ACC0459M2,ACC0459M3,24431.05,8,2026-09-20 05:11:07
HOP1378,CMP100460,1,ACC0460V,ACC0460M1,14337.11,5,2026-08-18 22:26:07
HOP1379,CMP100460,2,ACC0460M1,ACC0460M2,13582.53,12,2026-08-18 22:43:07
HOP1380,CMP100460,3,ACC0460M2,ACC0460M3,12827.94,8,2026-08-18 22:51:07
HOP1381,CMP100461,1,ACC0461V,ACC0461M1,338815.21,5,2026-05-08 02:34:07
HOP1382,CMP100461,2,ACC0461M1,ACC0461M2,320982.83,12,2026-05-08 02:51:07
HOP1383,CMP100461,3,ACC0461M2,ACC0461M3,303150.45,8,2026-05-08 02:59:07
HOP1384,CMP100462,1,ACC0462V,ACC0462M1,49204.9,5,2026-07-13 05:29:07
HOP1385,CMP100462,2,ACC0462M1,ACC0462M2,46615.17,12,2026-07-13 05:46:07
HOP1386,CMP100462,3,ACC0462M2,ACC0462M3,44025.44,8,2026-07-13 05:54:07
HOP1387,CMP100463,1,ACC0463V,ACC0463M1,23594.28,5,2026-04-21 04:19:07
HOP1388,CMP100463,2,ACC0463M1,ACC0463M2,22352.47,12,2026-04-21 04:36:07
HOP1389,CMP100463,3,ACC0463M2,ACC0463M3,21110.67,8,2026-04-21 04:44:07
HOP1390,CMP100464,1,ACC0464V,ACC0464M1,58833.4,5,2026-08-11 02:53:07
HOP1391,CMP100464,2,ACC0464M1,ACC0464M2,55736.9,12,2026-08-11 03:10:07
HOP1392,CMP100464,3,ACC0464M2,ACC0464M3,52640.41,8,2026-08-11 03:18:07
HOP1393,CMP100465,1,ACC0465V,ACC0465M1,42453.17,5,2026-04-22 14:40:07
HOP1394,CMP100465,2,ACC0465M1,ACC0465M2,40218.8,12,2026-04-22 14:57:07
HOP1395,CMP100465,3,ACC0465M2,ACC0465M3,37984.42,8,2026-04-22 15:05:07
HOP1396,CMP100466,1,ACC0466V,ACC0466M1,38082.7,5,2026-04-15 12:23:07
HOP1397,CMP100466,2,ACC0466M1,ACC0466M2,36078.35,12,2026-04-15 12:40:07
HOP1398,CMP100466,3,ACC0466M2,ACC0466M3,34073.99,8,2026-04-15 12:48:07
HOP1399,CMP100467,1,ACC0467V,ACC0467M1,87785.51,5,2026-05-11 06:50:07
HOP1400,CMP100467,2,ACC0467M1,ACC0467M2,83165.22,12,2026-05-11 07:07:07
HOP1401,CMP100467,3,ACC0467M2,ACC0467M3,78544.93,8,2026-05-11 07:15:07
HOP1402,CMP100468,1,ACC0468V,ACC0468M1,101315.3,5,2026-04-29 10:58:07
HOP1403,CMP100468,2,ACC0468M1,ACC0468M2,95982.91,12,2026-04-29 11:15:07
HOP1404,CMP100468,3,ACC0468M2,ACC0468M3,90650.53,8,2026-04-29 11:23:07
HOP1405,CMP100469,1,ACC0469V,ACC0469M1,27944.72,5,2026-04-05 06:03:07
HOP1406,CMP100469,2,ACC0469M1,ACC0469M2,26473.95,12,2026-04-05 06:20:07
HOP1407,CMP100469,3,ACC0469M2,ACC0469M3,25003.17,8,2026-04-05 06:28:07
HOP1408,CMP100470,1,ACC0470V,ACC0470M1,26706.62,5,2026-04-28 03:44:07
HOP1409,CMP100470,2,ACC0470M1,ACC0470M2,25301.01,12,2026-04-28 04:01:07
HOP1410,CMP100470,3,ACC0470M2,ACC0470M3,23895.4,8,2026-04-28 04:09:07
HOP1411,CMP100471,1,ACC0471V,ACC0471M1,36077.81,5,2026-06-25 14:25:07
HOP1412,CMP100471,2,ACC0471M1,ACC0471M2,34178.98,12,2026-06-25 14:42:07
HOP1413,CMP100471,3,ACC0471M2,ACC0471M3,32280.14,8,2026-06-25 14:50:07
HOP1414,CMP100472,1,ACC0472V,ACC0472M1,4753.15,5,2026-05-15 17:41:07
HOP1415,CMP100472,2,ACC0472M1,ACC0472M2,4502.99,12,2026-05-15 17:58:07
HOP1416,CMP100472,3,ACC0472M2,ACC0472M3,4252.82,8,2026-05-15 18:06:07
HOP1417,CMP100473,1,ACC0473V,ACC0473M1,10438.89,5,2026-07-18 05:37:07
HOP1418,CMP100473,2,ACC0473M1,ACC0473M2,9889.48,12,2026-07-18 05:54:07
HOP1419,CMP100473,3,ACC0473M2,ACC0473M3,9340.06,8,2026-07-18 06:02:07
HOP1420,CMP100474,1,ACC0474V,ACC0474M1,186345.78,5,2026-04-27 22:38:07
HOP1421,CMP100474,2,ACC0474M1,ACC0474M2,176538.11,12,2026-04-27 22:55:07
HOP1422,CMP100474,3,ACC0474M2,ACC0474M3,166730.43,8,2026-04-27 23:03:07
HOP1423,CMP100475,1,ACC0475V,ACC0475M1,246090.02,5,2026-06-18 23:38:07
HOP1424,CMP100475,2,ACC0475M1,ACC0475M2,233137.92,12,2026-06-18 23:55:07
HOP1425,CMP100475,3,ACC0475M2,ACC0475M3,220185.81,8,2026-06-19 00:03:07
HOP1426,CMP100476,1,ACC0476V,ACC0476M1,37028.71,5,2026-06-09 21:43:07
HOP1427,CMP100476,2,ACC0476M1,ACC0476M2,35079.83,12,2026-06-09 22:00:07
HOP1428,CMP100476,3,ACC0476M2,ACC0476M3,33130.95,8,2026-06-09 22:08:07
HOP1429,CMP100477,1,ACC0477V,ACC0477M1,84545.23,5,2026-08-08 06:14:07
HOP1430,CMP100477,2,ACC0477M1,ACC0477M2,80095.48,12,2026-08-08 06:31:07
HOP1431,CMP100477,3,ACC0477M2,ACC0477M3,75645.73,8,2026-08-08 06:39:07
HOP1432,CMP100478,1,ACC0478V,ACC0478M1,64843.7,5,2026-06-28 14:52:07
HOP1433,CMP100478,2,ACC0478M1,ACC0478M2,61430.88,12,2026-06-28 15:09:07
HOP1434,CMP100478,3,ACC0478M2,ACC0478M3,58018.05,8,2026-06-28 15:17:07
HOP1435,CMP100479,1,ACC0479V,ACC0479M1,950000.0,5,2026-09-07 20:53:07
HOP1436,CMP100479,2,ACC0479M1,ACC0479M2,900000.0,12,2026-09-07 21:10:07
HOP1437,CMP100479,3,ACC0479M2,ACC0479M3,850000.0,8,2026-09-07 21:18:07
HOP1438,CMP100480,1,ACC0480V,ACC0480M1,145518.7,5,2026-05-31 00:02:07
HOP1439,CMP100480,2,ACC0480M1,ACC0480M2,137859.82,12,2026-05-31 00:19:07
HOP1440,CMP100480,3,ACC0480M2,ACC0480M3,130200.94,8,2026-05-31 00:27:07
HOP1441,CMP100481,1,ACC0481V,ACC0481M1,41796.48,5,2026-07-03 04:14:07
HOP1442,CMP100481,2,ACC0481M1,ACC0481M2,39596.66,12,2026-07-03 04:31:07
HOP1443,CMP100481,3,ACC0481M2,ACC0481M3,37396.85,8,2026-07-03 04:39:07
HOP1444,CMP100482,1,ACC0482V,ACC0482M1,18268.7,5,2026-05-17 18:13:07
HOP1445,CMP100482,2,ACC0482M1,ACC0482M2,17307.19,12,2026-05-17 18:30:07
HOP1446,CMP100482,3,ACC0482M2,ACC0482M3,16345.68,8,2026-05-17 18:38:07
HOP1447,CMP100483,1,ACC0483V,ACC0483M1,9528.46,5,2026-07-15 11:55:07
HOP1448,CMP100483,2,ACC0483M1,ACC0483M2,9026.96,12,2026-07-15 12:12:07
HOP1449,CMP100483,3,ACC0483M2,ACC0483M3,8525.47,8,2026-07-15 12:20:07
HOP1450,CMP100484,1,ACC0484V,ACC0484M1,58217.93,5,2026-09-23 14:02:07
HOP1451,CMP100484,2,ACC0484M1,ACC0484M2,55153.83,12,2026-09-23 14:19:07
HOP1452,CMP100484,3,ACC0484M2,ACC0484M3,52089.73,8,2026-09-23 14:27:07
HOP1453,CMP100485,1,ACC0485V,ACC0485M1,22295.37,5,2026-07-27 02:25:07
HOP1454,CMP100485,2,ACC0485M1,ACC0485M2,21121.93,12,2026-07-27 02:42:07
HOP1455,CMP100485,3,ACC0485M2,ACC0485M3,19948.49,8,2026-07-27 02:50:07
HOP1456,CMP100486,1,ACC0486V,ACC0486M1,11455.57,5,2026-06-07 18:34:07
HOP1457,CMP100486,2,ACC0486M1,ACC0486M2,10852.64,12,2026-06-07 18:51:07
HOP1458,CMP100486,3,ACC0486M2,ACC0486M3,10249.72,8,2026-06-07 18:59:07
HOP1459,CMP100487,1,ACC0487V,ACC0487M1,24882.31,5,2026-04-20 21:53:07
HOP1460,CMP100487,2,ACC0487M1,ACC0487M2,23572.71,12,2026-04-20 22:10:07
HOP1461,CMP100487,3,ACC0487M2,ACC0487M3,22263.12,8,2026-04-20 22:18:07
HOP1462,CMP100488,1,ACC0488V,ACC0488M1,16105.83,5,2026-09-19 11:26:07
HOP1463,CMP100488,2,ACC0488M1,ACC0488M2,15258.16,12,2026-09-19 11:43:07
HOP1464,CMP100488,3,ACC0488M2,ACC0488M3,14410.48,8,2026-09-19 11:51:07
HOP1465,CMP100489,1,ACC0489V,ACC0489M1,256690.57,5,2026-08-20 01:28:07
HOP1466,CMP100489,2,ACC0489M1,ACC0489M2,243180.54,12,2026-08-20 01:45:07
HOP1467,CMP100489,3,ACC0489M2,ACC0489M3,229670.51,8,2026-08-20 01:53:07
HOP1468,CMP100490,1,ACC0490V,ACC0490M1,114705.67,5,2026-06-18 02:37:07
HOP1469,CMP100490,2,ACC0490M1,ACC0490M2,108668.53,12,2026-06-18 02:54:07
HOP1470,CMP100490,3,ACC0490M2,ACC0490M3,102631.39,8,2026-06-18 03:02:07
HOP1471,CMP100491,1,ACC0491V,ACC0491M1,47122.8,5,2026-08-31 17:54:07
HOP1472,CMP100491,2,ACC0491M1,ACC0491M2,44642.65,12,2026-08-31 18:11:07
HOP1473,CMP100491,3,ACC0491M2,ACC0491M3,42162.51,8,2026-08-31 18:19:07
HOP1474,CMP100492,1,ACC0492V,ACC0492M1,208653.26,5,2026-06-12 02:56:07
HOP1475,CMP100492,2,ACC0492M1,ACC0492M2,197671.51,12,2026-06-12 03:13:07
HOP1476,CMP100492,3,ACC0492M2,ACC0492M3,186689.76,8,2026-06-12 03:21:07
HOP1477,CMP100493,1,ACC0493V,ACC0493M1,51320.9,5,2026-07-14 14:53:07
HOP1478,CMP100493,2,ACC0493M1,ACC0493M2,48619.8,12,2026-07-14 15:10:07
HOP1479,CMP100493,3,ACC0493M2,ACC0493M3,45918.7,8,2026-07-14 15:18:07
HOP1480,CMP100494,1,ACC0494V,ACC0494M1,20074.4,5,2026-07-07 17:10:07
HOP1481,CMP100494,2,ACC0494M1,ACC0494M2,19017.85,12,2026-07-07 17:27:07
HOP1482,CMP100494,3,ACC0494M2,ACC0494M3,17961.31,8,2026-07-07 17:35:07
HOP1483,CMP100495,1,ACC0495V,ACC0495M1,217860.25,5,2026-05-21 06:23:07
HOP1484,CMP100495,2,ACC0495M1,ACC0495M2,206393.92,12,2026-05-21 06:40:07
HOP1485,CMP100495,3,ACC0495M2,ACC0495M3,194927.59,8,2026-05-21 06:48:07
HOP1486,CMP100496,1,ACC0496V,ACC0496M1,81421.54,5,2026-07-23 12:46:07
HOP1487,CMP100496,2,ACC0496M1,ACC0496M2,77136.19,12,2026-07-23 13:03:07
HOP1488,CMP100496,3,ACC0496M2,ACC0496M3,72850.85,8,2026-07-23 13:11:07
HOP1489,CMP100497,1,ACC0497V,ACC0497M1,16835.4,5,2026-06-09 04:41:07
HOP1490,CMP100497,2,ACC0497M1,ACC0497M2,15949.32,12,2026-06-09 04:58:07
HOP1491,CMP100497,3,ACC0497M2,ACC0497M3,15063.25,8,2026-06-09 05:06:07
HOP1492,CMP100498,1,ACC0498V,ACC0498M1,39267.26,5,2026-06-14 23:02:07
HOP1493,CMP100498,2,ACC0498M1,ACC0498M2,37200.56,12,2026-06-14 23:19:07
HOP1494,CMP100498,3,ACC0498M2,ACC0498M3,35133.87,8,2026-06-14 23:27:07
HOP1495,CMP100499,1,ACC0499V,ACC0499M1,19788.71,5,2026-06-01 17:13:07
HOP1496,CMP100499,2,ACC0499M1,ACC0499M2,18747.2,12,2026-06-01 17:30:07
HOP1497,CMP100499,3,ACC0499M2,ACC0499M3,17705.69,8,2026-06-01 17:38:07
HOP1498,CMP100500,1,ACC0500V,ACC0500M1,11916.57,5,2026-06-16 03:50:07
HOP1499,CMP100500,2,ACC0500M1,ACC0500M2,11289.38,12,2026-06-16 04:07:07
HOP1500,CMP100500,3,ACC0500M2,ACC0500M3,10662.2,8,2026-06-16 04:15:07
